code,corpname,title,link,description,pubDate
055000,동서정보기술,국민의힘 &quot;가짜뉴스 나라의 커다란 사회악&quot;,https://n.news.naver.com/mnews/article/057/0001763799?sid=100,"구종상 <b>동서</b>대학교 방송영상학과 특임교수가 좌장을 맡은 가운데 진행된 세미나에서, 전문가들은... 과학<b>기술정보</b>방송통신위원회 국민의힘 간사인 박성중 의원도 &quot;예전에는 가짜뉴스가 방송과 뉴스뿐이었지만 요즘은... ",2023-08-22 17:50:00
055000,동서정보기술,&apos;CO₂→수소·전기&apos; 친환경 연금술...&quot;마이너스 탄소 세상 만들 것&quot;,https://n.news.naver.com/mnews/article/008/0004928194?sid=101,과학<b>기술정보</b>통신부 장관이 그의 실험실을 직접 찾아갈 정도로 그의 연구아이템은 비상한 관심을 끌었다.... 김 대표는 &quot;<b>동서</b>발전에서 2년짜리 15억원 과제를 받아 이 연구를 본격적으로 시작하게 됐는데 첨단... ,2023-08-22 13:00:00
032600,애드모바일,[마케팅BN] ‘광고 몰라도 하루 100개 제작 뚝딱’ 신통한 브이캣,https://byline.network/?p=9004111222513180,"이 회사 전찬석, 정범진 공동 대표는 국내 최초 <b>모바일</b> 광고 플랫폼 카울리의 최고기술책임자(CTO)와... “지난 10년간 국내 광고 <b>애드</b>네트워크 플랫폼을 창업하고 성장시키면서, 광고를 집행하는 <b>애드</b>테크 시장은 고도로... ",2023-08-22 17:32:00
013650,데코,"&quot;포장부터 보호까지 완벽&quot;..아성다이소, 택배 아이템 다 모았다",http://www.00news.co.kr/news/articleView.html?idxno=79666,"&apos;개봉주의, FRAGILE&apos; 등 문구와 토끼 캐릭터를 결합한 &apos;택배 <b>데코</b> 스티커&apos;와 &apos;룰루랄라&apos; 문구가 퍼플 또는 옐로우 컬러로 프린팅 된 &apos;룰루랄라 박스테이프&apos; 등이다. 아성다이소 관계자는 &quot;기존의 택배용품은 기능에만 치중해... ",2023-08-22 18:24:00
013650,데코,[오늘 뭐 먹지] 더본코리아·KFC·청정원 외,http://www.newsprime.co.kr/news/article.html?no=610723,흔하지 않으면서도 세련된 모카색 바디에 은은한 핑크 골드 색상이 터치 패드 및 받침대에 적용돼 고급스러운 감성을 선사하며 홈 <b>데코</b>를 위한 포인트가 되어주는 제품이다. 돌체구스토는 &apos;지니오S 쉐어 모카&apos; 출시를... ,2023-08-22 17:14:00
013650,데코,"감성과 재미 입힌 포장을...아성다이소, 개성 듬뿍 담는 택배·포장용품 기획...",http://www.updownnews.co.kr/news/articleView.html?idxno=305461,"&apos;택배 <b>데코</b> 스티커&apos;, &apos;룰루랄라 박스테이프&apos;를 활용하면 포장용품도 세상에 하나뿐인 개성 있는 포장으로 재탄생 시킬 수 있다. 아성다이소 관계자는 &quot;기존의 택배용품은 기능에만 치중해 단조로운 컬러로 구성된 경우가... ",2023-08-22 17:06:00
013650,데코,아성다이소 &apos;택배·포장용품 기획전&apos;…70여종 상품 선보여,https://www.news2day.co.kr/article/20230822500146,"‘택배 <b>데코</b> 스티커’는 ‘개봉주의, FRAGILE’ 등 문구와 귀여운 토끼 캐릭터를 결합한 스티커로 힙한 느낌과 재미를 더할 수 있다. ‘룰루랄라 박스테이프’는 투명테이프 위에 ‘룰루랄라’ 문구가 퍼플 또는 옐로우... ",2023-08-22 17:02:00
013650,데코,"다이소, 70종 상품 ‘택배·포장용품 기획전’ 진행",http://www.breaknews.com/983065,"‘택배 <b>데코</b> 스티커’는 ‘개봉주의, FRAGILE’ 등 문구와 토끼 캐릭터를 결합한 스티커다. ‘룰루랄라 박스테이프’는 투명테이프 위에 ‘룰루랄라’ 문구가 퍼플... ",2023-08-22 16:56:00
013650,데코,"&quot;재미있는 택배생활!&quot;...아성다이소, &apos;택배∙포장용품 기획전&apos; 진행",https://www.thedailypost.kr/news/articleView.html?idxno=101069,"&apos;택배 <b>데코</b> 스티커&apos;는 &apos;개봉주의, FRAGILE&apos; 등 문구와 귀여운 토끼 캐릭터를 결합한 스티커로 힙한 느낌과 재미를 더할 수 있다. &apos;룰루랄라 박스테이프&apos;는 투명테이프 위에 &apos;룰루랄라&apos; 문구가 퍼플 또는 옐로우 컬러로 프린팅... ",2023-08-22 16:30:00
013650,데코,"네스카페 돌체구스토, &apos;지니오S 쉐어 모카&apos; 선보여",https://www.foodneconomy.com/news/articleView.html?idxno=349595,흔하지 않으면서도 세련된 모카색 바디에 은은한 핑크 골드 색상이 터치 패드 및 받침대에 적용돼 고급스러운 감성을 선사하며 홈 <b>데코</b>를 위한 포인트가 되어주는 제품이다. 돌체구스토는 &apos;지니오S 쉐어 모카&apos; 출시를... ,2023-08-22 16:26:00
013650,데코,[AT 유통 소식] CU·쿠팡·아성다이소·팔도,https://www.asiatime.co.kr/article/20230822500343,"이 밖에, 받는 사람에게 언박싱의 재미를 더해 줄 상품들도 마련했다. ’택배 <b>데코</b> 스티커’는 ‘개봉주의, FRAGILE’ 등 문구와 귀여운 토끼 캐릭터를 결합한 스티커로 힙한 느낌과 재미를 더할 수 있다. ‘룰루랄라... ",2023-08-22 16:22:00
013650,데코,"&quot;실용성에 시각적 재미까지&quot;…다이소, 택배·포장용품 기획전",https://www.youthdaily.co.kr/news/article.html?no=134305,"&apos;택배 <b>데코</b> 스티커&apos;는 &apos;개봉주의, FRAGILE&apos; 등 문구와 귀여운 토끼 캐릭터를 결합한 스티커로 힙한 느낌과 재미를 더할 수 있다. &apos;룰루랄라 박스테이프&apos;는 투명테이프 위에 &apos;룰루랄라&apos; 문구가 퍼플 또는 옐로우 컬러로 프린팅... ",2023-08-22 16:02:00
013650,데코,"아성다이소, 재미있는 택배생활···&apos;택배?포장용품 기획전&apos; 진행",http://www.koreastocknews.com/news/articleView.html?idxno=93141,"&apos;택배 <b>데코</b> 스티커&apos;는 &apos;개봉주의, FRAGILE&apos; 등 문구와 귀여운 토끼 캐릭터를 결합한 스티커로 힙한 느낌과 재미를 더할 수 있다. &apos;룰루랄라 박스테이프&apos;는 투명테이프 위에 &apos;룰루랄라&apos; 문구가 퍼플 또는 옐로우 컬러로 프린팅... ",2023-08-22 15:46:00
013650,데코,"㈜아성다이소, 재미있는 택배생활 &apos;택배,포장용품 기획전&apos; 진행",http://www.paxetv.com/news/articleView.html?idxno=184079,"&apos;택배 <b>데코</b> 스티커&apos;는 &apos;개봉주의, FRAGILE&apos; 등 문구와 귀여운 토끼 캐릭터를 결합한 스티커로 힙한 느낌과 재미를 더할 수 있습니다. &apos;룰루랄라 박스테이프&apos;는 투명테이프 위에 &apos;룰루랄라&apos; 문구가 퍼플 또는 옐로우 컬러로... ",2023-08-22 15:46:00
013650,데코,"아성다이소, ‘택배·포장용품 기획전’ 진행",https://www.mediapen.com/news/view/847876,"받는 사람에게 언박싱의 재미를 더해 줄 상품들도 마련했다. ’택배 <b>데코</b> 스티커’는 ‘개봉주의, FRAGILE’ 등 문구와 귀여운 토끼 캐릭터를 결합한 스티커로 힙한 느낌과 재미를 더할 수 있다. ‘룰루랄라 박스테이프’는... ",2023-08-22 15:44:00
013650,데코,선물하거나 받을 때 기분 좋은 택배···아성다이소 &apos;택배‧포장용품 기획전...,https://www.thereport.co.kr/news/articleView.html?idxno=39903,"택배 <b>데코</b> 스티커는 &apos;개봉 주의, FRAGILE&apos; 등 문구와 귀여운 토끼 캐릭터를 결합한 스티커로 힙한 느낌과 재미를 더할 수 있다. 룰루랄라 박스테이프는 투명 테이프 위에 &apos;룰루랄라&apos; 문구가 퍼플 또는 옐로우 컬러로 프린팅된... ",2023-08-22 15:44:00
013650,데코,"아성다이소, &apos;택배·포장용품 기획전&apos; 진행",https://www.siminilbo.co.kr/news/newsview.php?ncode=1160286210729609,"이 밖에, 받는 사람에게 언박싱의 재미를 더해 줄 상품들도 마련했다. ’택배 <b>데코</b> 스티커’는 ‘개봉주의, FRAGILE’ 등 문구와 귀여운 토끼 캐릭터를 결합한 스티커다. 또한 ‘룰루랄라 박스테이프’는 투명테이프 위에... ",2023-08-22 15:36:00
013650,데코,[유통 브리핑] 이마트·롯데마트·다이소·공영홈쇼핑,http://www.niceeconomy.co.kr/news/articleView.html?idxno=82683,"속포장봉투, 완충재 등의 보호용품과 받는 사람의 언박싱의 재미를 더해 줄 <b>데코</b> 스티커, 박스 테이프 등도 마련했다. 다이소 관계자는 &quot;고객들이 보다 다양한 컬러와 재질로 포장하는 재미를 느끼실 수 있도록 이번... ",2023-08-22 15:30:00
013650,데코,"다이소, &apos;택배‧포장용품 기획전&apos; 실시",http://www.m-i.kr/news/articleView.html?idxno=1041972,"&apos;택배 <b>데코</b> 스티커&apos;는 &apos;개봉주의, FRAGILE&apos; 등 문구와 토끼 캐릭터를 결합한 스티커다. &apos;룰루랄라 박스테이프&apos;는 투명테이프 위에 &apos;룰루랄라&apos; 문구가 퍼플 또는 옐로우 컬러로 프린팅 된 테이프다. 다이소 관계자는 &quot;기존의... ",2023-08-22 15:28:00
013650,데코,"아성다이소, &apos;택배ㆍ포장용품 기획전&apos; 진행",http://www.thefirstmedia.net/news/articleView.html?idxno=125128,"&apos;택배 <b>데코</b> 스티커&apos;는 &apos;개봉주의, FRAGILE&apos; 등 문구와 귀여운 토끼 캐릭터를 결합한 스티커로 힙한 느낌과 재미를 더할 수 있다. &apos;룰루랄라 박스테이프&apos;는 투명테이프 위에 &apos;룰루랄라&apos; 문구가 퍼플 또는 옐로우 컬러로 프린팅... ",2023-08-22 15:10:00
013650,데코,"㈜아성다이소, &apos;택배포장용품 기획전&apos; 오픈",https://www.polinews.co.kr/news/articleView.html?idxno=617634,"이 밖에, &apos;택배 <b>데코</b> 스티커&apos;는 &apos;개봉주의, FRAGILE&apos; 등 문구와 귀여운 토끼 캐릭터를 결합한 스티커로 힙한 느낌과 재미를 더할 수 있다. &apos;룰루랄라 박스테이프&apos;는 투명테이프 위에 &apos;룰루랄라&apos; 문구가 퍼플 또는 옐로우 컬러로... ",2023-08-22 15:09:00
013650,데코,"아성다이소, &apos;택배·포장용품 기획전&apos; 진행",http://www.enewstoday.co.kr/news/articleView.html?idxno=2030718,"&apos;택배 <b>데코</b> 스티커&apos;는 &apos;개봉주의, FRAGILE&apos; 등 문구와 귀여운 토끼 캐릭터를 결합한 스티커로 힙한 감성을 선보인다. &apos;룰루랄라 박스테이프&apos;는 투명테이프 위 &apos;룰루랄라&apos; 문구가 퍼플 또는 옐로우 컬러로 프린팅된 것이... ",2023-08-22 15:04:00
013650,데코,"아성다이소, &apos;택배·포장용품 기획전&apos;...70여종 상품",https://www.fetv.co.kr/news/article.html?no=145894,"이 밖에 &apos;택배 <b>데코</b> 스티커&apos; 등으로 언박싱의 재미를 더해 줄 상품들로 마련했다. (주)아성다이소 관계자는 &quot;기존 택배용품은 단조로운 컬러로 구성된 경우가 많은데, 고객들이 보다 포장하는 재미를 느낄 수 있도록 이번... ",2023-08-22 15:00:00
013650,데코,맥신 관련주 &apos;下&apos; 2차전지 관련주 &apos;上&apos; 에코프로·이엔플러스·APS·센코 &apos;희...,https://www.thekpm.com/news/articleView.html?idxno=169752,"에코프로, 에코프로에이치엔, TKG휴켐스 주가가 상승, DL이앤씨, 후성, SGC에너지, 그린케미칼, 이건산업, 유니드, 에코바이오, KC코트렐, 한솔홈<b>데코</b> 종목은 하락 거래중인 것으로 나타났다. 사진=이엔플러스... ",2023-08-22 14:50:00
013650,데코,[유통워치] 아성다이소 &apos;포장용품&apos;·CJ프레시웨이 &apos;쿠킹클래스&apos;·쿠팡 &apos;디지털...,http://www.newswatch.kr/news/articleView.html?idxno=64442,택배 <b>데코</b> 스티커는 &apos;개봉주의&apos; &apos;FRAGILE&apos; 등 문구와 귀여운 토끼 캐릭터를 결합한 스티커다. 룰루랄라 박스테이프는 투명테이프 위에 &apos;룰루랄라&apos; 문구가 보라색 등으로 프린팅 됐다. 아성다이소 관계자는 &quot;기존의... ,2023-08-22 14:42:00
013650,데코,"아성다이소, ‘택배?포장용품 기획전’…총 70여종 상품 구성",https://thepublic.kr/news/view/1065589643483871,"이 밖에, 받는 사람에게 언박싱의 재미를 더해 줄 상품들도 마련했다. ’택배 <b>데코</b> 스티커’는 ‘개봉주의, FRAGILE’ 등 문구와 귀여운 토끼 캐릭터를 결합한 스티커로 힙한 느낌과 재미를 더할 수 있다. ‘룰루랄라... ",2023-08-22 14:26:00
013650,데코,"아성다이소, 즐거운 택배생활 아이템 선보여…&apos;기획전&apos; 진행",http://www.financialreview.co.kr/news/articleView.html?idxno=25282,"&apos;택배 <b>데코</b> 스티커&apos;는 개봉주의, FRAGILE 등 문구와 귀여운 토끼 캐릭터를 결합한 스티커로 힙한 느낌과 재미를 더할 수 있다. &apos;룰루랄라 박스테이프&apos;는 투명테이프 위에 룰루랄라 문구가 퍼플 또는 옐로우 컬러로 프린팅 된... ",2023-08-22 14:20:00
013650,데코,"아성다이소, &apos;택배?포장용품 기획전&apos; 진행",http://www.wolyo.co.kr/news/articleView.html?idxno=228086,"이 밖에 &apos;택배 <b>데코</b> 스티커&apos;는 &apos;개봉주의, FRAGILE&apos; 등 문구와 귀여운 토끼 캐릭터를 결합한 스티커로 힙한 느낌과 재미를 더할 수 있다. &apos;룰루랄라 박스테이프&apos;는 투명테이프 위에 &apos;룰루랄라&apos; 문구가 퍼플 또는 옐로우 컬러로... ",2023-08-22 14:12:00
013650,데코,"아성다이소, 택배 포장용품 기획전 진행",http://www.srtimes.kr/news/articleView.html?idxno=141122,"받는 사람에게 언박싱의 재미를 더해줄 수 있도록 &apos;택배 <b>데코</b> 스티커&apos;, &apos;개봉주의, FRAGILE&apos;, &apos;룰루랄라 박스테이프&apos; 등도 있다. 아성다이소 관계자는 &quot;기존의 택배용품은 기능에만 치중해 단조로운 컬러로 구성된 경우가... ",2023-08-22 13:50:00
013650,데코,"[생활경제 이슈] 아성다이소, ‘택배 포장용품 기획전’ 진행 外",http://www.lawissue.co.kr/view.php?ud=202308221254152848204ead0791_12,"이 밖에, 받는 사람에게 언박싱의 재미를 더해 줄 상품들도 마련했다. ’택배 <b>데코</b> 스티커’는 ‘개봉주의, FRAGILE’ 등 문구와 귀여운 토끼 캐릭터를 결합한 스티커로 힙한 느낌과 재미를 더할 수 있다. ‘룰루랄라... ",2023-08-22 12:56:00
013650,데코,"[Daily Pick유통] 갤러리아, MCM, 푸드나무, 다이소, SPC, 하이트진로",https://www.ngetnews.com/news/articleView.html?idxno=422661,"&apos;택배 <b>데코</b> 스티커&apos;는 &apos;개봉주의, FRAGILE&apos; 등 문구와 토끼 캐릭터를 결합한 스티커다. &apos;룰루랄라 박스테이프&apos;는 투명테이프 위에 &apos;룰루랄라&apos; 문구가 퍼플 또는 옐로우 컬러로 프린팅 된 테이프다. SPC 티트라, &apos;프루티... ",2023-08-22 12:36:00
013650,데코,"아성다이소, &apos;택배·포장용품 기획전&apos; 진행",http://www.newsdream.kr/news/articleView.html?idxno=45718,"&apos;택배 <b>데코</b> 스티커&apos;는 &apos;개봉주의, FRAGILE&apos; 등 문구와 귀여운 토끼 캐릭터를 결합한 스티커로 힙한 느낌과 재미를 더할 수 있다. &apos;룰루랄라 박스테이프&apos;는 투명테이프 위에 &apos;룰루랄라&apos; 문구가 퍼플 또는 옐로우 컬러로 프린팅... ",2023-08-22 12:28:00
013650,데코,"아성다이소, &apos;택배·포장용품 기획전&apos; 진행...박스·보호용품 등 70여종",https://www.job-post.co.kr/news/articleView.html?idxno=83549,"&apos;택배 <b>데코</b> 스티커&apos;는 &apos;개봉주의, FRAGILE&apos; 등 문구와 귀여운 토끼 캐릭터를 결합한 스티커로 힙한 느낌과 재미를 더할 수 있다. 아성다이소 관계자는 &quot;기존의 택배용품은 기능에만 치중해 단조로운 컬러로 구성된 경우가... ",2023-08-22 12:24:00
013650,데코,"아성다이소,&apos;택배∙포장용품 기획전&apos; 진행",https://www.lcnews.co.kr/news/articleView.html?idxno=58612,"&apos;택배 <b>데코</b> 스티커&apos;는 &apos;개봉주의, FRAGILE&apos; 등 문구와 귀여운 토끼 캐릭터를 결합한 스티커로 힙한 느낌과 재미를 더할 수 있다. &apos;룰루랄라 박스테이프&apos;는 투명테이프 위에 &apos;룰루랄라&apos; 문구가 퍼플 또는 옐로우 컬러로 프린팅... ",2023-08-22 12:04:00
013650,데코,"아성다이소, 시각적인 재미까지 &apos;택배?포장용품 기획전&apos; 진행",http://www.100ssd.co.kr/news/articleView.html?idxno=101687,"&apos;택배 <b>데코</b> 스티커&apos;는 &apos;개봉주의, FRAGILE&apos; 등 문구와 귀여운 토끼 캐릭터를 결합한 스티커로 힙한 느낌과 재미를 더할 수 있다. &apos;룰루랄라 박스테이프&apos;는 투명테이프 위에 &apos;룰루랄라&apos; 문구가 퍼플 또는 옐로우 컬러로 프린팅... ",2023-08-22 11:46:00
013650,데코,아성다이소 &apos;택배·포장용품 기획전&apos;서 70여종 상품 선봬,https://daily.hankooki.com/news/articleView.html?idxno=991174,"이 밖에 택배 <b>데코</b> 스티커, 룰루랄라 박스테이프 등 받는 사람에게 언박싱 재미를 더해줄 상품들도 마련했다. 아성다이소 관계자는 &quot;기존의 택배용품은 기능에만 치중해 단조로운 컬러로 구성된 경우가 많았는데... ",2023-08-22 11:22:00
013650,데코,"아성다이소, &apos;택배·포장용품 기획전&apos; 진행",http://www.rpm9.com/news/article.html?id=20230822090003,"&apos;택배 <b>데코</b> 스티커&apos;는 &apos;개봉주의, FRAGILE&apos; 등 문구와 귀여운 토끼 캐릭터를 결합한 스티커로 힙한 느낌과 재미를 더할 수 있다. &apos;룰루랄라 박스테이프&apos;는 투명테이프 위에 &apos;룰루랄라&apos; 문구가 퍼플 또는 옐로우 컬러로 프린팅... ",2023-08-22 11:22:00
013650,데코,"다이소, &quot;특징 없는 택배는 가라&quot;… 포장도 개성시대",http://www.thevaluenews.co.kr/news/view.php?idx=177866,"이 밖에 받는 사람에게 언박싱의 재미를 더해 줄 상품들도 마련했다. ’택배 <b>데코</b> 스티커’는 ‘개봉주의, FRAGILE’ 등 문구와 토끼 캐릭터를 결합한 스티커로 만들어 졌다. ‘룰루랄라 박스테이프’는 투명테이프 위에... ",2023-08-22 11:20:00
013650,데코,&quot;재미있는 택배생활&quot;… 아성다이소 &apos;택배·포장용품 기획전&apos; 진행,https://www.newscj.com/news/articleView.html?idxno=3056086,"&apos;택배 <b>데코</b> 스티커&apos;는 &apos;개봉주의, FRAGILE&apos; 등 문구와 토끼 캐릭터가 결합된 스티커가 어우러졌다. &apos;룰루랄라 박스테이프&apos;는 투명테이프 위에 &apos;룰루랄라&apos; 문구가 퍼플 또는 옐로우 컬러로 프린팅된 테이프다. 아성다이소... ",2023-08-22 11:20:00
013650,데코,택배상자도 화려하게...다이소 &apos;택배·포장용품 기획전&apos;,https://www.nbntv.kr/news/articleView.html?idxno=76505,"택배 <b>데코</b> 스티커, 룰루랄라 박스테이프 등 받는 사람에게 언박싱 재미를 더해줄 상품들도 마련했다. 아성다이소 관계자는 &quot;기존의 택배용품은 기능에만 치중해 단조로운 컬러로 구성된 경우가 많았는데, 고객들이 보다... ",2023-08-22 11:20:00
013650,데코,"이마트, 추석 한우 선물세트 가격 인하…위메프 &apos;W프라임&apos;, 론칭 이후 주문 3...",http://www.sisaon.co.kr/news/articleView.html?idxno=153110,"이 밖에 &apos;택배 <b>데코</b> 스티커&apos; 등 받는 사람에게 언박싱의 재미를 더해 줄 상품들도 마련했다. 쿠팡, 건강관리 상품 최대 70% 할인 쿠팡이 오는 27일까지 건강·의료용품을 최대 70% 할인하는 기획전을 진행한다. 이번... ",2023-08-22 11:18:00
013650,데코,"㈜아성다이소, &apos;택배∙포장용품 기획전&apos; 진행",http://www.newsworker.co.kr/news/articleView.html?idxno=217469,"이 밖에, 받는 사람에게 언박싱의 재미를 더해 줄 &apos;택배 <b>데코</b> 스티커&apos;, &apos;룰루랄라 박스테이프&apos; 등의 상품들도 마련했다. ㈜아성다이소 관계자는 &quot;기존의 택배용품은 기능에만 치중해 단조로운 컬러로 구성된 경우가 많은데... ",2023-08-22 11:10:00
013650,데코,"아성다이소, &apos;택배·포장용품 기획전&apos; 진행",https://www.cstimes.com/news/articleView.html?idxno=557202,"이외에도 손잡이 접착형 봉투, 종이 완충재 등 택배보호용품과 받는 사람에게 언박싱의 재미를 더해 줄 택배<b>데코</b> 스티커, 룰루랄라 박스테이프 등도 만나볼 수 있다. 아성다이소 관계자는 &quot;이번 기획적은 기능에만 치중하지... ",2023-08-22 11:10:00
013650,데코,"&quot;비대면거래 증가 대응&quot; 아성다이소, &apos;택배·포장용품 기획전&apos; 진행",https://www.asiatoday.co.kr/view.php?key=20230822010010980,택배 보호용품은 △손잡이 접착형 봉투 △종이 완충재 △접이식 크라프트 포장박스 등이 있다.이 밖에 △택배 <b>데코</b> 스티커 △룰루랄라 박스테이프 등을 준비했다. 이수일,2023-08-22 11:08:00
013650,데코,[신상NEWS] 돌체구스토 ‘지니오S 쉐어 모카’‧팔도 ‘카페 진정성 로얄밀크...,https://www.news2day.co.kr/article/20230822500105,"세련된 모카색 바디에 은은한 핑크 골드 색상이 터치 패드 및 받침대에 적용돼 고급스러운 감성을 선사하며 홈 <b>데코</b>를 위한 포인트가 되어주는 제품이다. 돌체구스토는 ‘지니오S 쉐어 모카’ 출시를 기념해, 스타벅스... ",2023-08-22 11:08:00
013650,데코,"아성다이소, 재미있는 택배생활…&apos;택배·포장용품 기획전&apos; 진행",https://www.econovill.com/news/articleView.html?idxno=622951,"&apos;택배 <b>데코</b> 스티커&apos;는 &apos;개봉주의, FRAGILE&apos; 등 문구와 귀여운 토끼 캐릭터를 결합한 스티커로 힙한 느낌과 재미를 더할 수 있다. &apos;룰루랄라 박스테이프&apos;는 투명테이프 위에 &apos;룰루랄라&apos; 문구가 퍼플 또는 옐로우 컬러로 프린팅... ",2023-08-22 10:52:00
013650,데코,"[오늘의 커피] 감성커피, 대용량 보틀 음료 리뉴얼 출시 外 배스킨라빈스, 컴...",https://www.newscj.com/news/articleView.html?idxno=3056064,흔하지 않으면서도 세련된 모카색 바디에 은은한 핑크 골드 색상이 터치 패드 및 받침대에 적용돼 고급스러운 감성을 선사하며 홈 <b>데코</b>를 위한 포인트가 되는 제품이다. 돌체구스토는 지니오S 쉐어 모카 출시를 기념해... ,2023-08-22 10:44:00
013650,데코,"㈜아성다이소, 택배-포장용품 기획전 진행",http://www.wsobi.com/news/articleView.html?idxno=211555,"이밖에 &apos;택배 <b>데코</b> 스티커&apos;는 &apos;개봉주의, FRAGILE&apos; 등 문구와 토끼 캐릭터를 결합한 스티커로 힙한 느낌과 재미를 더할 수 있다. &apos;룰루랄라 박스테이프&apos;는 투명테이프 위에 &apos;룰루랄라&apos; 문구가 퍼플 또는 옐로우 컬러로 프린팅... ",2023-08-22 10:40:00
013650,데코,"아성다이소, &apos;택배포장용품 기획전&apos; 진행...실용성에 시각적 재미도 더해",http://www.consumernews.co.kr/news/articleView.html?idxno=686232,"&apos;택배 <b>데코</b> 스티커&apos;는 &apos;개봉주의, FRAGILE&apos; 등 문구와 귀여운 토끼 캐릭터를 결합한 스티커로 힙한 느낌과 재미를 더할 수 있다. &apos;룰루랄라 박스테이프&apos;는 투명테이프 위에 &apos;룰루랄라&apos; 문구가 퍼플 또는 옐로우 컬러로 프린팅... ",2023-08-22 10:34:00
013650,데코,"㈜아성다이소, 재미있는 택배생활! &apos;택배∙포장용품 기획전&apos; 진행",http://www.sisacast.kr/news/articleView.html?idxno=44256,"&apos;택배 <b>데코</b> 스티커&apos;는 &apos;개봉주의, FRAGILE&apos; 등 문구와 귀여운 토끼 캐릭터를 결합한 스티커로 힙한 느낌과 재미를 더할 수 있다. &apos;룰루랄라 박스테이프&apos;는 투명테이프 위에 &apos;룰루랄라&apos; 문구가 퍼플 또는 옐로우 컬러로 프린팅... ",2023-08-22 10:32:00
013650,데코,"다이소, &apos;택배 포장용품 기획전&apos; 진행",https://www.megaeconomy.co.kr/news/newsview.php?ncode=1065576391984000,"이 밖에, 받는 사람에게 언박싱의 재미를 더해 줄 상품들도 마련했다. ’택배 <b>데코</b> 스티커’는 ‘개봉주의, FRAGILE’ 등 문구와 귀여운 토끼 캐릭터를 결합한 스티커로 힙한 느낌과 재미를 더할 수 있다. ‘룰루랄라... ",2023-08-22 10:30:00
013650,데코,"아성다이소, ‘택배·포장용품 기획전’ 진행",https://www.cnbnews.com/news/article.html?no=615924,"이 밖에, 받는 사람에게 언박싱의 재미를 더해 줄 상품들도 마련했다. ’택배 <b>데코</b> 스티커’는 ‘개봉주의, FRAGILE’ 등 문구와 귀여운 토끼 캐릭터를 결합한 스티커다. ‘룰루랄라 박스테이프’는 투명테이프 위에... ",2023-08-22 10:30:00
013650,데코,"아성다이소, ‘택배·포장용품 기획전’ 진행",https://weekly.cnbnews.com/news/article.html?no=153195,"이 밖에 ‘택배 <b>데코</b> 스티커’는 ‘개봉주의, FRAGILE(깨지기 쉬운)’ 등 문구와 토끼 캐릭터를 결합한 스티커이고, ‘룰루랄라 박스테이프’는 투명테이프 위에 ‘룰루랄라’ 문구가 퍼플 또는 옐로우 컬러로 프린팅 된... ",2023-08-22 10:30:00
013650,데코,"네스카페 돌체구스토, ‘지니오S 쉐어 모카’ 출시",https://cooknchefnews.com/news/view/1065575928228099,흔하지 않으면서도 세련된 모카색 바디에 은은한 핑크 골드 색상이 터치 패드 및 받침대에 적용돼 고급스러운 감성을 선사하며 홈 <b>데코</b>를 위한 포인트가 되어주는 제품이다. 돌체구스토는 ‘지니오S 쉐어 모카’ 출시를... ,2023-08-22 10:26:00
013650,데코,"아성다이소, &apos;택배 포장용품 기획전&apos; 진행",http://www.gvalley.co.kr/news/articleView.html?idxno=611639,"&apos;택배 <b>데코</b> 스티커&apos;는 &apos;개봉주의, FRAGILE&apos; 등 문구와 귀여운 토끼 캐릭터를 결합한 스티커로 힙한 느낌과 재미를 더할 수 있다. &apos;룰루랄라 박스테이프&apos;는 투명테이프 위에 &apos;룰루랄라&apos; 문구가 퍼플 또는 옐로우 컬러로 프린팅... ",2023-08-22 10:26:00
013650,데코,"다이소, 택배·포장용품 기획전...총 70종 상품 구성",https://www.ngetnews.com/news/articleView.html?idxno=422636,"&apos;택배 <b>데코</b> 스티커&apos;는 &apos;개봉주의, 깨지기쉬운(FRAGILE)&apos; 등 문구와 귀여운 토끼 캐릭터를 결합한 스티커로 힙한 느낌과 재미를 제공한다. &apos;룰루랄라 박스테이프&apos;는 투명테이프 위에 &apos;룰루랄라&apos; 문구가 퍼플 또는 옐로우 컬러로... ",2023-08-22 10:14:00
013650,데코,"다이소, &apos;택배·포장용품 기획전&apos; 진행",https://www.onews.tv/news/articleView.html?idxno=177836,"아성다이소 &apos;택배 <b>데코</b> 스티커&apos; (제공=아성다이소) ©열린뉴스통신ONA 이 밖에 받는 사람에게 언박싱의 재미를 더해 줄 상품들도 마련했다. &apos;택배 <b>데코</b> 스티커&apos;는 &apos;개봉주의, FRAGILE&apos; 등 문구와 귀여운 토끼 캐릭터를 결합한... ",2023-08-22 10:00:00
013650,데코,"네스카페 돌체구스토, ‘지니오S 쉐어 모카’ 출시",https://www.wikitree.co.kr/articles/880054,흔하지 않으면서도 세련된 모카색 바디에 은은한 핑크 골드 색상이 터치 패드 및 받침대에 적용돼 고급스러운 감성을 선사하며 홈 <b>데코</b>를 위한 포인트가 되어주는 제품이다. 돌체구스토는 ‘지니오S 쉐어 모카’ 출시를... ,2023-08-22 09:38:00
013650,데코,"[TOP&apos;s Pick] [유통] 아성다이소,&apos;택배·포장용품 기획전&apos; 진행 外",https://www.topdaily.kr/articles/94740,"이외에 &apos;택배 <b>데코</b> 스티커&apos;, &apos;룰라랄라 박스테이프&apos; 등 재미를 줄 수 있는 상품도 구성. 한 줄 코멘트 =&gt; 생활용품 강점을 극대화한 기획전 ◆ 팔도, &apos;카페, 진정성 로얄밀크티&apos; 출시 팔도가 카페 브랜드 &apos;카페, 진정성&apos;과... ",2023-08-22 09:36:00
013650,데코,"대구, 경북 건축박람회 &apos;2023 대구경향하우징페어&apos; 개최",http://www.e2news.com/news/articleView.html?idxno=257095,"리빙, 홈<b>데코</b> 브랜드와 제품을 소개하는 &lt;리빙앤라이프스타일 특별관&gt;도 함께 열린다. 인테리어 가구를 비롯하여 테이블웨어, <b>데코</b>레이션 용품 등 홈 인테리어 관련 다양한 제품을 선보일 예정이다. 대구, 경북 최대... ",2023-08-22 09:26:00
013650,데코,"재미있는 택배생활! 아성다이소, &apos;택배·포장용품 기획전&apos;",http://www.slist.kr/news/articleView.html?idxno=476368,"&apos;택배 <b>데코</b> 스티커&apos;는 &apos;개봉주의, FRAGILE&apos; 등 문구와 귀여운 토끼 캐릭터를 결합한 스티커로 힙한 느낌과 재미를 더할 수 있다. &apos;룰루랄라 박스테이프&apos;는 투명테이프 위에 &apos;룰루랄라&apos; 문구가 퍼플 또는 옐로우 컬러로 프린팅... ",2023-08-22 09:16:00
013650,데코,"다이소, 택배·포장용품 기획전…컬러풀 택배 봉투·박스 등",https://n.news.naver.com/mnews/article/421/0007001980?sid=101,"&apos;택배 <b>데코</b> 스티커&apos;는 개봉주의, FRAGILE(깨지기 쉬운) 등 문구와 귀여운 토끼 캐릭터를 결합한 스티커다. &apos;룰루랄라 박스테이프&apos;는 투명 테이프 위에 룰루랄라 문구가 퍼플 또는 옐로 컬러로 프린팅돼있다.",2023-08-22 09:15:00
013650,데코,&quot;포장까지 완벽하게&quot;…아성다이소 &apos;택배·포장용품 기획전&apos;,https://n.news.naver.com/mnews/article/277/0005303014?sid=101,"이 밖에 택배 <b>데코</b> 스티커, 룰루랄라 박스테이프 등 받는 사람에게 언박싱 재미를 더해줄 상품들도 마련했다. 아성다이소 관계자는 &quot;기존의 택배용품은 기능에만 치중해 단조로운 컬러로 구성된 경우가 많았는데... ",2023-08-22 09:13:00
013650,데코,"아성다이소, &apos;택배-포장용품 기획전&apos; 진행",http://www.econonews.co.kr/news/articleView.html?idxno=299897,"&apos;택배 <b>데코</b> 스티커&apos;는 &apos;개봉주의, FRAGILE&apos; 등 문구와 귀여운 토끼 캐릭터를 결합한 스티커로 힙한 느낌과 재미를 더할 수 있다. 아성다이소 관계자는 &quot;기존의 택배용품은 기능에만 치중해 단조로운 컬러로 구성된 경우가... ",2023-08-22 09:00:00
013650,데코,"[생활경제 이슈] 풀무원푸드앤컬처, 비건 레스토랑 ‘플랜튜드’ 용산점에 스...",http://www.lawissue.co.kr/view.php?ud=202308220852463418204ead0791_12,흔하지 않으면서도 세련된 모카색 바디에 은은한 핑크 골드 색상이 터치 패드 및 받침대에 적용돼 고급스러운 감성을 선사하며 홈 <b>데코</b>를 위한 포인트가 되어주는 제품이다. 돌체구스토는 ‘지니오S 쉐어 모카’ 출시를... ,2023-08-22 08:54:00
024100,제일저축은행,[Economy] 다시 꿈틀대는 예금금리… <b>저축은행</b> 정기예금 ‘눈길’,https://weekly.cnbnews.com/news/article.html?no=153176,"HB<b>저축은행</b>은 ‘스마트회전정기예금’ 등 4.5%의 예금금리 상품 3개를 내놨고, 이 밖에 △JT친애<b>저축은행</b>(회전식비대면 회전식) △동원<b>제일저축은행</b>(회전정기예금) △우리<b>저축은행</b>(정기예금비대면정기예금)... ",2023-08-22 10:50:00
024100,제일저축은행,[정기적금 브랜드평판] 1위 우리<b>은행</b>·2위 하나<b>은행</b>·3위 신한<b>은행</b>,https://www.gukjenews.com/news/articleView.html?idxno=2791879,"동원<b>제일저축은행</b>, 조은<b>저축은행</b>, 유니온<b>저축은행</b>, OSB<b>저축은행</b>, 삼호<b>저축은행</b>, 수출입<b>은행</b>, 상상인플러스<b>저축은행</b>, 스카이<b>저축은행</b>, 유안타<b>저축은행</b>, 오투<b>저축은행</b>, 엠에스<b>저축은행</b> 정기적금 이다.​",2023-08-22 00:06:00
036790,자강,"[뉴스하이킥] 日 오염수 방류 시기 결정.. 용혜인 &quot;尹, 간-쓸개 다 내주고?&quot; ...",https://n.news.naver.com/mnews/article/214/0001294796?sid=100,토대로 <b>자강</b>하면서 평화체제를 최대한 유지하고 또 동시에 인접국에게 강하게 요구하는 그런 전략이 저는 대한민국의 입장에서 가장 유효한 전략이라고 생각합니다. 근데 미국 일본과 한편에 서서 북중러와 대치하겠다... ,2023-08-22 20:47:00
036790,자강,[매경춘추] 하얼빈의 안중근,https://n.news.naver.com/mnews/article/009/0005176000?sid=110,결국 우리가 올바른 역사의식을 가지고 우리의 장점을 살리고 단점을 과감히 극복하며 <b>자강</b>하는 수밖에 없다. 세상에는 우리의 민족성을 지적하는 여러 책들이 나와 있다. 그 지적대로 우리도 분명 단점이 있다. 이제... ,2023-08-22 17:39:00
036790,자강,"SKT·KT, AI 동맹군 늘려 글로벌 빅테크 맞선다",https://n.news.naver.com/mnews/article/030/0003128076?sid=105,자체 기술력을 고도화하는 &apos;<b>자강</b>&apos;과 빅테크와 제휴로 외부 기술을 빠르게 흡수하는 &apos;협력&apos;이 핵심이다. 그 중에서도 국내 유망 기업을 중심으로 AI 생태계 동맹 형성에 주력하고 있다. 지난 2월 SKT 주도로 출범한 &apos;K... ,2023-08-22 14:47:00
036790,자강,이원혁의 &apos;처음 하는 정치학 공부&apos; 출간!,https://www.lecturernews.com/news/articleView.html?idxno=133979,"중국의 변법<b>자강</b>운동이나 구한말(조선 말기에서 대한제국까지의 시기) 개화파의 개혁, 유럽 슬라브 귀족들의 다양한 개혁 시도들이 실패한 이유 중 하나는, 그 개혁의 내용이 공동체 내 보편적 문제가 아니라 일반 민중은... ",2023-08-22 12:32:00
037110,제이에스,"[뉴스핌 라씨로] 뷰티스킨, 의무보호예수 22% 풀려...유통가능물량 2배↑",http://www.newspim.com/news/view/20230822000052,<b>제이에스</b>글로벌은 공모시 대표주관회사인 DB금융에 보통주 4만4000주(1.25%)에 관한 신주인수권 부여계약을 체결했다. 해당 신주인수권은 상장 3개월 이후부터 행사가 가능하다. 또한 회사는 신주인수권증권 20억원... ,2023-08-22 17:50:00
037110,제이에스,[섬유의류 상장기업 브랜드평판] 1위 F&amp;F·2위 한섬·3위 덕성,https://www.gukjenews.com/news/articleView.html?idxno=2792434,"LS네트웍스, <b>제이에스</b>티나, LF, 성안, 신세계인터내셔날, 코데즈컴바인, 대현, DI동일, 코웰패션, 백산... LS네트웍스, <b>제이에스</b>티나, LF, 성안, 신세계인터내셔날, 코데즈컴바인, 대현, DI동일, 코웰패션, 백산... ",2023-08-22 14:56:00
037110,제이에스,섬유의류 상장기업 기업평판 우수기업 2023년 8월 발표,http://www.wsobi.com/news/articleView.html?idxno=211621,"LS네트웍스, <b>제이에스</b>티나, LF, 성안, 신세계인터내셔날, 코데즈컴바인을 선정했다. F&amp;F ( 대표 김창수 )... <b>제이에스</b>티나 ( 대표 김유미, 장호선 ) 브랜드는 J.ESTINA 브랜드로 주얼리와 핸드백 및 화장품 사업을, ROMANSON... ",2023-08-22 13:30:00
037110,제이에스,"섬유의류 상장기업 브랜드평판 8월 빅데이터 분석결과...1위 F&amp;F, 2위 한섬, ...",http://www.wsobi.com/news/articleView.html?idxno=211611,"LS네트웍스, <b>제이에스</b>티나, LF, 성안, 신세계인터내셔날, 코데즈컴바인, 대현, DI동일, 코웰패션, 백산... LS네트웍스, <b>제이에스</b>티나, LF, 성안, 신세계인터내셔날, 코데즈컴바인, 대현, DI동일, 코웰패션, 백산... ",2023-08-22 12:34:00
037110,제이에스,"[브랜드평판] 섬유의류 상장기업 2023년 8월 빅데이터...1위 F&amp;F, 2위 한섬, ...",https://www.cbci.co.kr/news/articleView.html?idxno=445824,"LS네트웍스, <b>제이에스</b>티나, LF, 성안, 신세계인터내셔날, 코데즈컴바인, 대현, DI동일, 코웰패션, 백산... LS네트웍스, <b>제이에스</b>티나, LF, 성안, 신세계인터내셔날, 코데즈컴바인, 대현, DI동일, 코웰패션, 백산... ",2023-08-22 09:06:00
037110,제이에스,"[더벨]자동차 부품사 ‘<b>제이에스</b>테크’, M&amp;A시장 출회",https://www.thebell.co.kr/free/content/ArticleView.asp?key=202308032032301120103294,자동차 부품사 ‘<b>제이에스</b>테크’가 인수합병(M&amp;A) 시장 매물로 나왔다. 최근 투자시장에는 자동차 부품사 매물이 크게 늘고 있다. <b>제이에스</b>테크 대주주 역시 자동차 부품사 밸류에이션이 한껏 높아지는 상황 속에서... ,2023-08-22 07:38:00
114410,현대푸드시스템,마이크로니들 고주파 장비 피부 노화 개선 효과 입증 外,http://www.newsmp.com/news/articleView.html?idxno=235420,재택의료 <b>시스템</b>(geriatric care and home care system in Canada)&apos;을 주제로 로버트 램(Robert Lam) 교수의 초청강의를... 국제동양의학회 최승훈 회장은 한의학과 <b>현대</b> 과학 문명이 공존하고 있는 동아시아 지역의 높은 기대 수명과... ,2023-08-22 18:48:00
114410,현대푸드시스템,‘일 오염수 방류 반대’ 없는 국민의힘 “괴담 대비해야”,https://n.news.naver.com/mnews/article/032/0003244157?sid=100,"성 위원장은 이날 금석호 HD<b>현대</b> 부사장, 이헌상 <b>현대</b>그린<b>푸드</b> 부사장 등이 참석한 자리에서 ‘어업인 지원... 감시<b>시스템</b>, 모니터링과 관련된 소통 협력 채널을 구축하고 관련 정보나 자료들을 상시 공유하면서 안전을... ",2023-08-22 15:28:00
114410,현대푸드시스템,"[유통가 레이더] &quot;5년만에 낮췄다&quot;... 이마트, 추석 한우 선물세트 가격 인하...",http://www.greened.kr/news/articleView.html?idxno=305884,"풀무원의 <b>푸드</b>서비스 전문기업 풀무원<b>푸드</b>앤컬처(대표 이동훈)는 고객들에게 건강한 경험을 제공하고자... 에너지관리<b>시스템</b>을 구축, 유틸리티 낭비를 방지하고 고효율 설비 도입을 위한 데이터 기반을 마련했다.... ",2023-08-22 10:02:00
002540,고제,거문고 명인 신쾌동의 &apos;잊힌 가야금&apos; 되살리다...박세연 서울돈화문국악당 공...,https://daily.hankooki.com/news/articleView.html?idxno=991400,"백낙준의 <b>고제</b>(&apos;고족제자&apos;의 준말로 &apos;학식과 품행이 우수한 제자&apos;)가 되었고, 스승이 죽은 뒤 그 뜻을 이어가며 거문고 산조의 1인자가 됐다. 그는 자신의 섹터를 열심히 확장했다. 백낙준의 거문고 산조는 진양조, 중모리... ",2023-08-22 17:36:00
035010,소예,&apos;옐로비 출신&apos; 완전체 제니웨리 24일 첫 번째 싱글 앨범 발매,http://www.stardailynews.co.kr/news/articleView.html?idxno=420614,"전원 옐로비 출신 중 4명인 애니, 류희, <b>소예</b>, 현영(설하)이 오는 8월 24일 제니웨리로 새롭게 가요계에 첫 발걸음을 뗀다. 제니웨리는 정식 데뷔일을 8월 24일로 확정 짓고, 지난 7월 공식 SNS 채널을 오픈하며... ",2023-08-22 17:50:00
103150,하이트맥주,"<b>맥주</b> 1위 탈환 주력한 <b>하이트</b>진로, 소주 매출은 줄었다",https://n.news.naver.com/mnews/article/008/0004927955?sid=101,올해 상반기 <b>하이트</b>진로 <b>맥주</b> 매출은 연결 기준 3949억원으로 전년동기(3866억원) 대비 2.1% 증가했다. 4월 신제품 켈리를 출시하고 마케팅비를 전년보다 60% 이상 투입한 점을 고려하면 기대 이하의 성적이란 평가도... ,2023-08-22 06:30:00
001370,FnC코오롱,"블록코어 가미…<b>코오롱FnC</b>, 브랜드 &apos;헤드&apos; 프리폴 컬렉션 선봬",https://www.ziksir.com/news/articleView.html?idxno=41337,<b>코오롱FnC</b>의 브랜드 &apos;헤드&apos;가 새로운 감성의 프리 폴(PRE-FALL) 컬렉션을 선보인다. [<b>코오롱FnC</b>]  <b>코오롱</b>인더스트리<b>FnC</b>부문(이하 <b>코오롱FnC</b>)이 전개하는 테니스 오리진 스포츠 브랜드 &apos;헤드&apos;가 본격적인 가을/겨울에 앞서... ,2023-08-22 15:24:00
001370,FnC코오롱,"<b>코오롱FnC</b> 헤드, 프리폴 컬렉션 선봬",http://www.seoulfn.com/news/articleView.html?idxno=493691,헤드 쿨 헤드 컬렉션 상품 연출컷 (사진=<b>코오롱FnC</b>) <b>코오롱</b>인더스트리 <b>FnC</b>부문(<b>코오롱FnC</b>)은 스포츠 브랜드 헤드의 가을·겨울(fW) 시즌에 앞서 프리 폴(PRE-FALL) 컬렉션을 선보인다고 22일 밝혔다. 이번 프리 폴... ,2023-08-22 14:33:00
001370,FnC코오롱,"헤드, 새로운 감성의 &apos;프리폴&apos; 컬렉션 색다르게 보여준다",http://www.issuenbiz.com/news/articleView.html?idxno=28879,쿨 헤드 컬렉션을 가상 모델이 착용한 모습/사진=<b>코오롱FnC  코오롱</b>인더스트리<b>FnC</b>부문이 전개하는 테니스 오리진 스포츠 브랜드 &apos;헤드&apos;가 본격적인 가을·겨울 시즌에 앞서 새로운 감성의 프리 폴(PRE-FALL) 컬렉션을... ,2023-08-22 10:48:00
001370,FnC코오롱,"헤드, FW 앞서 프리폴 컬렉션 선봬...&quot;블록코어 스타일 가미&quot;",https://www.thekpm.com/news/articleView.html?idxno=169685,사진=<b>코오롱FnC  코오롱</b>인더스트리<b>FnC</b>부문이 전개하는 테니스 오리진 스포츠 브랜드 &apos;헤드&apos;가 본격적인 가을·겨울 시즌에 앞서 새로운 감성의 프리 폴(PRE-FALL) 컬렉션을 선보인다고 22일 밝혔다. 이번 프리 폴... ,2023-08-22 10:24:00
043790,옥션,전세사기·역전세난에 임차인 &apos;셀프 낙찰&apos; 작년 2배,https://n.news.naver.com/mnews/article/422/0000615576?sid=101,"법원경매 정보업체 지지<b>옥션</b>에 따르면 지난 1월부터 7월까지 수도권에서 임차인이 살던 집을 낙찰받은 경우는 174건으로, 지난해 같은 기간 88건 대비 98% 증가했습니다. 특히, 역전세난과 전세사기 피해자가 많았던... ",2023-08-22 22:32:00
043790,옥션,조선시대 백자대호 경매에,http://www.ksmnews.co.kr/default/index_view_page.php?idx=441004&part_idx=264,"<b>옥션</b>은 오는 31일 제49회 메이저 경매를 개최한다고 21일 밝혔다. 고서화 및 근현대 서화, 도자 및 공예품 등 총 160점이 출품되며 시작가 총액은 약 87억원이다. 이날부터 경매 전날인 30일까지 서울 인사동 마이아트<b>옥션</b>... ",2023-08-22 22:04:00
043790,옥션,역전세난·전세사기 여파에 세입자 ‘셀프 낙찰’ 급증,https://n.news.naver.com/mnews/article/022/0003847670?sid=101,22일 법원경매 정보업체 지지<b>옥션</b>에 따르면 올해 1∼7월 수도권에서 세입자가 직접 거주 주택을 낙찰받은... 이주현 지지<b>옥션</b> 선임연구원은 “최근 일부 아파트는 전셋값이 오르며 역전세난 부담이 줄어드는... ,2023-08-22 21:10:00
043790,옥션,‘울며 겨자먹기’로 집 산다…임차인 경매 &apos;셀프낙찰&apos; 작년比 2배 급증,https://thepublic.kr/news/view/1065603093581652,"22일 법원경매 정보업체 지지<b>옥션</b>에 따르면, 지난달까지 올해 수도권지역에서 임차인이 거주하는 주택을... 이주현 지지<b>옥션</b> 선임연구원은 &quot;최근 일부 아파트는 전셋값이 오르며 역전세난 부담이 줄어드는 분위기지만... ",2023-08-22 18:36:00
043790,옥션,울며 겨자 먹기 임차인 경매 &apos;셀프낙찰&apos; 작년의 2배,http://www.obsnews.co.kr/news/articleView.html?idxno=1411076,"법원경매 정보업체 지지<b>옥션</b>에 따르면, 올해 1월부터 7월까지 수도권에서 임차인이 직접 거주 주택을 낙찰받은 경우는 174건으로 집계됐습니다. 선순위 임차인이 있는 경우 경매에서 유찰되는 경우가 많아 임차인이 울며... ",2023-08-22 18:10:00
043790,옥션,보증금 미반환 늘어나자 세입자 &apos;셀프 낙찰&apos;도 껑충,https://n.news.naver.com/mnews/article/009/0005176015?sid=101,22일 법원경매 정보업체 지지<b>옥션</b>에 따르면 올해 1월부터 7월까지 수도권에서 임차인이 직접 거주 주택을... 실제 지지<b>옥션</b>에 따르면 한 임차인은 본인이 경매에 넘긴 서울 양천구 신월동의 한 다세대주택을 4회 연속... ,2023-08-22 17:40:00
043790,옥션,전세 살던 집 경매로 구입…‘셀프 낙찰’ 2배 증가,https://n.news.naver.com/mnews/article/020/0003516334?sid=101,22일 지지<b>옥션</b>에 따르면 올해 1월부터 7월까지 수도권(서울·경기·인천)에서 자신이 거주하던 주택을... 이주현 지지<b>옥션</b> 선임연구원은 “최근 일부 아파트 전셋값이 오르며 역전세난 부담이 줄어드는 것처럼... ,2023-08-22 17:33:00
043790,옥션,전세사기·역전세난에 세입자 &apos;셀프 낙찰&apos; 작년의 2배,http://www.obsnews.co.kr/news/articleView.html?idxno=1411147,"법원경매 정보업체 지지<b>옥션</b>에 따르면, 올해 1월부터 7월까지 수도권에서 임차인이 직접 거주 주택을 낙찰받은 경우는 174건으로 집계됐습니다. 선순위 임차인이 있는 경우 경매에서 유찰되는 경우가 많아 임차인이 울며... ",2023-08-22 17:30:00
043790,옥션,&apos;프롬바이오&apos; 추가 캐시워크 돈버는퀴즈 정답 공개,http://www.joygm.com/news/articleView.html?idxno=208063,"문제는 &quot;<b>옥션</b>에서 만날 수 있는 프롬바이오 OOOO 혜택 다양한 혜택과 신세계 상품권 당첨 기회까지 챙겨보세요&quot;이다. 정답은 &apos;추가증정&apos;이다. 한편 캐시워크 돈버는퀴즈는 캐시워크 앱을 이용해 참여할 수 있으며, 누구나... ",2023-08-22 17:26:00
043790,옥션,세상 구하는 귀여운 캐릭터로 뜬 스타 작가,https://n.news.naver.com/mnews/article/009/0005175948?sid=103,국내에서도 2021년 12월 서울<b>옥션</b> 경매에서 &apos;레인보(Rainbow)&apos;가 3억5000만원에 팔리며 기록을 경신한 바 있다.... 또 스페인 신발 브랜드 &apos;캠퍼&apos;와 함께 선보이는 슈즈 드로잉 작품은 전시 후 서울<b>옥션</b> 온라인 자선 경매를... ,2023-08-22 17:14:00
043790,옥션,"&apos;역전세난, 전세사기&apos; 여파에...임차인 경매 &apos;셀프낙찰&apos; 작년의 2배",https://www.delighti.co.kr/news/articleView.html?idxno=64342,22일 법원경매 정보업체 지지<b>옥션</b>에 따르면 올해 1월부터 7월까지 수도권에서 임차인이 직접 거주 주택을... 지지<b>옥션</b> 집계 결과 A씨처럼 수도권에서 임차인이 살던 집을 경매에 넘겼다가 자신이 직접 낙찰받는 경우는... ,2023-08-22 17:10:00
043790,옥션,깡통전세·전세사기 여파…경매서 &apos;셀프 낙찰&apos;받는 임차인 급증,https://www.ntoday.co.kr/news/articleView.html?idxno=99147,22일 법원경매 정보업체 지지<b>옥션</b>이 지난달까지 올해 수도권지역에서 임차인이 거주하는 주택을 경매를... 지지<b>옥션</b> 이주현 선임연구원은 &quot;깡통전세와 전세사기 여파로 임차인들의 &apos;셀프 낙찰&apos;이 늘고 있다&quot;라며 &quot;특히... ,2023-08-22 16:38:00
043790,옥션,전세사기로 보증금 다 날리느니…넘어간 집 ‘셀프 낙찰’ 급증,https://n.news.naver.com/mnews/article/028/0002653278?sid=101,"22일 법원경매 정보업체 지지<b>옥션</b> 집계를 보면, 올해 1월부터 7월까지 수도권에서 임차인이 직접 거주... 이주현 지지<b>옥션</b> 선임연구원은 “역전세난으로 인해 임차인의 보증금 회수를 위한 주택 경매 신청과 셀프 낙찰... ",2023-08-22 15:45:00
043790,옥션,[외국인 매수 전환 종목] &apos;얼마나샀길래&apos; 딥노이드·드래곤플라이 게임·메타...,https://www.thekpm.com/news/articleView.html?idxno=169760,"폴라리스오피스, 갤럭시아머니트리, 드래곤플라이, 아프리카TV, NAVER, MDS테크, 카카오게임즈, 핑거, 블레이드Ent, 위메이드, 서울<b>옥션</b>, 아톤, 카카오, 컴투스, 삼성전자 주가가 상승, 다날이 보합, 초록뱀미디어, 비덴트... ",2023-08-22 15:28:00
043790,옥션,역전세·전세사기에 울며 겨자먹기…임차인 &apos;셀프 낙찰&apos; 껑충,https://n.news.naver.com/mnews/article/025/0003302292?sid=101,22일 법원경매 정보업체 지지<b>옥션</b>에 따르면 올해 1~7월 수도권에서 임차인이 직접 거주하던 주택을... 이주현 지지<b>옥션</b> 선임연구원은 “최근 일부 아파트는 전셋값이 오르며 역전세난 부담이 줄어드는 분위기지만 경매... ,2023-08-22 15:19:00
043790,옥션,[인터뷰] ‘승부와 후진양성’ 두 마리 토끼 쫓는 조한승 9단,https://ilyo.co.kr/?ac=article_view&entry_id=457660,"2022년에도 LG배 예선을 통과해 최고령으로 본선에 진출했고, 지지<b>옥션</b>배에선 신사 쪽 마지막 주자로 출전해... 지지<b>옥션</b>배에선 숙녀팀이 김은지, 최정만을 남겨두고 있다. 어떻게 예상하는가. “수적으론 우리가... ",2023-08-22 15:18:00
043790,옥션,"라이카 카메라, &apos;라이츠 <b>옥션</b>&apos; 20주년 기념 스페셜 에디션 선봬",http://www.thefirstmedia.net/news/articleView.html?idxno=125103,"사진=라이카 카메라 라이카(Leica) 카메라는 &apos;라이츠 포토그래피카 <b>옥션</b>(Leitz Photographica Auction, 이하 라이츠 <b>옥션</b>)&apos; 20주년을 기념하여 스페셜 에디션 라이카 M6 세트 &apos;Leitz Auction&apos;을 선보였다고 22일 밝혔다.... ",2023-08-22 15:10:00
043790,옥션,임차인 경매 &apos;셀프낙찰&apos; 급증...전년比 98%↑,https://www.nbntv.co.kr/news/articleView.html?idxno=3001959,22일 법원경매 정보업체 지지<b>옥션</b> 발표한 자료에 따르면 올해 1~7월 수도권에서 임차인이 직접 거주 주택을... 지지<b>옥션</b> 이주현 선임연구원은 &quot;최근 일부 아파트는 전셋값이 오르며 역전세난 부담이 줄어드는 분위기지만... ,2023-08-22 14:54:00
043790,옥션,‘아파트 대체재’ 오피스텔…경매 시장선 ‘찬바람’,https://n.news.naver.com/mnews/article/018/0005556353?sid=101,22일 경·공매 데이터업체 지지<b>옥션</b>에 따르면 7월 오피스텔 경매 진행건수는 78건으로 이 중 10건만 주인을... 이주현 지지<b>옥션</b> 선임연구원은 “최근 경매시장에서는 아파트만 투자 수요가 이어지고 있고 오피스텔은... ,2023-08-22 14:17:00
043790,옥션,&quot;10만원으로 미술품 투자&quot;…1호 조각투자 발행 임박,https://n.news.naver.com/mnews/article/003/0012043959?sid=101,"투게더아트를 시작으로 최근 제재 면제를 받은 ▲테사 ▲열매컴퍼니(플랫폼명 아트앤가이드) ▲서울<b>옥션</b>블... 투게더아트는 모회사 케이<b>옥션</b>으로부터 휘트니 작품을 7억2000만원에 매입할 예정이며, 매입가 산정시... ",2023-08-22 14:11:00
043790,옥션,&apos;프롬바이오&apos; 변경된 캐시워크 돈버는퀴즈 정답은?,http://www.newsfarm.co.kr/news/articleView.html?idxno=88829,"있는 <b>옥션</b> 단독 기회&quot;이다. 정답은 &apos;보스웰리아&apos;이다. 한편, 캐시워크 애플리케이션에 정답을 입력하면 캐시를 무작위로 받게 되며, 퀴즈를 푸는 도중에 상금이 모두 소진되면 캐시를 받을 수 없다. 퀴즈는 한번 당첨이... ",2023-08-22 14:06:00
043790,옥션,역전세·전세사기에 임차인 경매 &apos;셀프낙찰&apos; 급증,https://www.asiatoday.co.kr/view.php?key=20230822010011170,지난해 말부터 본격화한 역전세난과 전세사기 여파로 풀이된다.22일 법원경매 정보기업 지지<b>옥션</b>에... 이주현 지지<b>옥션</b> 선임연구원은 &quot;최근 일부 아파트 전셋값이 오르며 역전세난 부담이 줄어드는 분위기&quot;라면서도... ,2023-08-22 14:04:00
043790,옥션,&quot;새 먹거리 선점하자&quot;...증권사들 토큰시장 경쟁 본격화,https://daily.hankooki.com/news/articleView.html?idxno=991222,22일 증권업계에 따르면 금융위원회 증권선물위원회는 지난달 12일 ▲테사(이하 플랫폼명 테사) ▲스탁키퍼(뱅카우) ▲서울<b>옥션</b>블루(소투) ▲투게더아트(아트투게더) ▲열매컴퍼니(아트앤가이드) 등 5개 조각투자... ,2023-08-22 13:56:00
043790,옥션,&apos;프롬바이오&apos; 관련 변경된 캐시워크 돈버는퀴즈 정답 공개,https://www.raonnews.com/news/article.html?no=19481,"있는 <b>옥션</b> 단독 기회! OOOOO에 들어갈 단어는 무엇일까요? (힌트ㅂㅅㅇㄹㅇ)&quot;이다. 정답은 &apos;보스웰리아&apos;이다. 또 다른 정답으로는 &apos;에델바이스&apos;, &apos;프롬바이오&apos;, &apos;매스틱&apos;, &apos;추가증정&apos;, &apos;100&apos; 등이다. 한편 캐시워크... ",2023-08-22 13:38:00
043790,옥션,[경제 톡톡톡]한전 부채 200조…전기 요금 오르나,https://n.news.naver.com/mnews/article/449/0000256075?sid=115,임차인이 경매로 넘어간 집을 직접 낙찰 받는 &apos;셀프 낙찰&apos; 사례가 지난해의 2배로 늘었습니다. 지지<b>옥션</b>은 올해 7월까지 수도권에서 임차인이 직접 살고 있던 주택을 낙찰받은 경우가 174건으로 집계됐다고 밝혔습니다.,2023-08-22 13:34:00
043790,옥션,&apos;프롬바이오&apos; 추가 캐시워크 돈버는퀴즈 정답 공개,http://www.joygm.com/news/articleView.html?idxno=208062,문제는 &quot;프롬바이오 대표 제품 관절연골엔 OOOOO 6개월 구성 구매 시 관절연골엔 보스웰리아원데이를 64일분 받아볼 수 있는 <b>옥션</b> 단독 기회&quot;이다. 정답은 &apos;보스웰리아&apos;이다. 한편 캐시워크 돈버는퀴즈는 캐시워크 앱을... ,2023-08-22 13:22:00
043790,옥션,"라이카, M6 &apos;Leitz Auction&apos; 한정판 세트 선보여... &quot;전 세계 20세트 한정 출...",https://kr.aving.net/news/articleView.html?idxno=1782739,"라이카(Leica) 카메라가 &apos;라이츠 포토그래피카 <b>옥션</b>(Leitz Photographica Auction, 이하 라이츠 <b>옥션</b>)&apos; 20주년을 기념하여 스페셜 에디션 라이카 M6 세트 &apos;Leitz Auction&apos;을 출시했다. &apos;라이츠 <b>옥션</b>&apos;은 빈티지 카메라 및... ",2023-08-22 13:18:00
043790,옥션,역전세·전세사기로 임차인 ‘셀프 낙찰’ 지난해보다 2배 늘어,http://www.skyedaily.com/news/news_view.html?ID=203164,22일 법원경매 정보업체 지지<b>옥션</b>에 따르면 올해 1월부터 7월까지 수도권에서 임차인이 직접 거주 용도로... 지지<b>옥션</b>에 따르면 이같이 수도권에서 임차인이 자신이 살던 집을 경매에 넘겼다가 다시 낙찰받은 경우가... ,2023-08-22 13:16:00
043790,옥션,"언론보도대행 전문 더제이엠그룹, 바이럴 패키지 출시",https://www.raonnews.com/news/article.html?no=19478,"더제이엠그룹은 언론보도대행과 더불어, 블로그 및 인스타 등 다양한 마케팅 관련 브랜드 상품을 보유하고 있으며, 뉴스<b>옥션</b>이라는 언론보도 전문 플랫폼을 출시해 특허 출원을 완료한 바 있다. 또한, 이번에 출시한 신규... ",2023-08-22 12:58:00
043790,옥션,[종합] &apos;프롬바이오&apos; 캐시워크 돈버는퀴즈 정답 총정리,https://www.newscj.com/news/articleView.html?idxno=3056117,22일 &apos;프롬바이오&apos; 캐시워크 돈버는퀴즈 정답이 공개됐다 이날 출제 중인 캐시워크 돈버는퀴즈는 &quot;지금 <b>옥션</b>에서는 프롬바이오 역대급 할인 중! 할인 된 금액의 제품을 구매만 하면 자동응모되는 이벤트로 신세계... ,2023-08-22 12:54:00
043790,옥션,&apos;프롬바이오&apos; 추가 캐시워크 돈버는퀴즈 정답 공개,http://www.joygm.com/news/articleView.html?idxno=208061,문제는 &quot;지금 <b>옥션</b>에서는 프롬바이오 역대급 할인 중! 할인 된 금액의 제품을 구매만 하면 자동응모되는 이벤트로 신세계 상품권을 받을 수 있는데요 총 OOO명 추첨하는 자동 응모 이벤트 놓치지 마세요&quot;이다. 정답은 &apos;100... ,2023-08-22 12:52:00
043790,옥션,8월 22일 캐시워크돈버는퀴즈 정답(종합)…문제는 &apos;제나벨·프롬바이오·성분...,http://www.hansbiz.co.kr/news/articleView.html?idxno=661158,"프롬바이오 보스웰리아 관련 캐시워크돈버는퀴즈 문제는 &quot;프롬바이오의 베스트 제품 위 건강엔 ○○○, <b>옥션</b> 단독으로 4개월 구매 시 추가 21일분을 증정하고 있습니다. 중략...○○○에 들어갈 단어는 무엇일까요(힌트... ",2023-08-22 12:10:00
043790,옥션,&apos;프롬바이오&apos; 변경된 캐시워크 돈버는퀴즈 정답은?,http://www.newsfarm.co.kr/news/articleView.html?idxno=88828,변경된 &apos;프롬바이오&apos; 캐시워크 돈버는퀴즈 정답이 공개가 됐다 변경돼 출제 중인 캐시워크 돈버는퀴즈는 &quot;지금 <b>옥션</b>에서는 프롬바이오 역대급 할인 중! 할인 된 금액의 제품을 구매만 하면 자동응모되는 이벤트로 신세계... ,2023-08-22 11:32:00
043790,옥션,"전세사기, 역전세난에... 인천 경매 셀프낙찰 5배 늘어",http://www.incheonin.com/news/articleView.html?idxno=97004,22일 법원경매 정보업체 지지<b>옥션</b>에 따르면 올해 1~7월 인천에서 임차인이 직접 거주 주택을 낙찰받은 경우는 37건으로 증가했다. 이는 지난해 같은 기간인 6건과 비교하면 517% 증가한 것이다. 아파트값 급락세에 따른... ,2023-08-22 11:16:00
043790,옥션,“경매 넘겨도 살 사람 없다”…‘울며 겨자먹기’ 임차인 ‘셀프 낙찰’ 급증,https://n.news.naver.com/mnews/article/032/0003244096?sid=101,22일 법원경매 정보업체 지지<b>옥션</b>에 따르면 올해 1~7월 수도권에서 임차인이 직접 거주주택을 낙찰받은... 지지<b>옥션</b> 분석 결과 A씨처럼 수도권에서 임차인이 살던 집을 경매에 넘겼다가 자신이 직접 낙찰받는 경우는... ,2023-08-22 11:11:00
043790,옥션,"원셀, 쇼핑몰 &apos;1분 간편 등록기&apos; 런칭 이벤트",http://www.kdfnews.com/news/articleView.html?idxno=115905,"해당 서비스는 사업 초기에 스마트스토어, 쿠팡, 자사몰만 운영하던 판매자들이 G마켓, <b>옥션</b> 등 오픈... 스마트스토어, 쿠팡, 11번가, G마켓-<b>옥션</b>, 롯데온, 위메프, 티몬, 인터파크 등 오픈마켓부터 지그재그, 에이블리... ",2023-08-22 11:00:00
043790,옥션,전세 사기·역전세난에 세입자 &apos;경매 낙찰&apos; 급증,https://n.news.naver.com/mnews/article/448/0000424095?sid=101,"22일 법원경매 정보업체 지지<b>옥션</b>에 따르면, 올해 1월부터 7월까지 수도권에서 임차인이 직접 거주 주택을 낙찰 받은 경우는 총 174건으로 집계됐다. 작년 동기(88건) 대비 98% 증가한 수치로, 지난 한 해 동안 임차인이... ",2023-08-22 10:54:00
043790,옥션,[단독]&quot;프롬바이오&quot; 캐시워크 돈버는퀴즈 전체 문제+정답!,http://www.jejuilbo.net/news/articleView.html?idxno=211981,화요일인 8월 22일 오전 10시 30분경 제시된 &apos;프롬바이오&apos;관련 문제는 &quot;<b>옥션</b>에서 만날 수 있는 프롬바이오 OOOO... 있는 <b>옥션</b> 단독 기회! OOOOO에 들어갈 단어는 무엇일까요?(힌트:ㅂㅅㅇㄹㅇ) 정답은 &apos;보스웰리아&apos;다. 다른... ,2023-08-22 10:54:00
043790,옥션,"&apos;역전세난, 전세사기에&apos;…임차인 경매 &apos;셀프낙찰&apos; 지난해 두 배",http://www.getnews.co.kr/news/articleView.html?idxno=638494,"22일 법원경매 정보업체 지지<b>옥션</b>에 따르면 지난 1월부터 전달까지 수도권에서 임차인이 살고 있는 집을 낙찰받은 경우는 모두 174건으로 파악됐다. 이는 작년 동기(88건)에 비해 98% 오른 것이며, 지난해 한 해 동안... ",2023-08-22 10:54:00
043790,옥션,프롬바이오 ㅁㅅㅌ…캐시워크 퀴즈는 &quot;위건강엔 OOO&quot;,http://www.econonews.co.kr/news/articleView.html?idxno=299974,"캐시워크는 22일 &quot;할인 혜택으로 만날 수 있는 OOOOO&quot;이라는 문제를 출제했다. 정답은 &apos;프롬바이오&apos;이다. 두 번째 문제는 &quot;위건강엔 OOO, <b>옥션</b> 단독으로 4개월 구매시 추가 21일분 증정&quot;이다. 정답은 &apos;매스틱&apos;이다.",2023-08-22 10:52:00
043790,옥션,역전세난·전세사기 등으로 보증금 못 돌려받는 임차인들의 놀라운 근황이 알...,https://www.wikitree.co.kr/articles/880038,22일 법원 경매 정보업체 지지<b>옥션</b>에 따르면 지난 1월부터 7월까지 수도권에서 임차인이 직접 거주 주택을 낙찰받은 경우는 총 174건으로 조사됐다. 이는 지난해 동기 88건 대비 98% 증가한 수치다. 심지어 작년 전체... ,2023-08-22 10:42:00
043790,옥션,[유통 단신] 스타벅스·하림·CJ푸드빌 外,http://www.dailypop.kr/news/articleView.html?idxno=71414,"G마켓, &apos;한가위 빅세일&apos; 셀러 모집 G마켓과 <b>옥션</b>이 9월 3일까지 2주간 온라인 추석 쇼핑 축제 &apos;한가위 빅세일&apos;에 참여할 판매고객을 모집한다. 행사는 9월 11일부터 26일까지 16일간 열린다. 8월 20일까지 G마켓, <b>옥션</b>의... ",2023-08-22 10:42:00
043790,옥션,"역전세난, 전세사기에 임차인 경매 &apos;셀프낙찰&apos; 1년새 2배",http://www.newsfc.co.kr/news/articleView.html?idxno=60143,"22일 법원경매 정보업체 지지<b>옥션</b>에 따르면 올해 1월부터 7월까지 수도권에서 임차인이 직접 거주 주택을 낙찰받은 경우는 총 174건으로 집계됐다. 이는 지난해 동기(88건) 대비 98% 증가한 것이며, 작년 1년간 임차인이... ",2023-08-22 10:42:00
043790,옥션,&quot;프롬바이오&quot; 캐시워크 돈버는퀴즈 정답은?,http://www.economytalk.kr/news/articleView.html?idxno=240898,"화요일인 8월 22일 오전 10시 30분경 제시된 &apos;프롬바이오&apos;관련 문제는 &quot;프롬바이오 대표 제품 관절연골엔 OOOOO, 6개월 구성 구매 시 관절연골엔 보스웰리아 워데이를 64일분 받아 볼 수 있는 <b>옥션</b> 단독 기회! OOOOO에 들어갈... ",2023-08-22 10:40:00
043790,옥션,22일 오전 10시30분 캐시워크 돈버는퀴즈 ‘프롬바이오’ 정답은?,https://www.cnbnews.com/news/article.html?no=615936,<b>옥션</b>에서 만날 수 있는 프롬바이오 ‘추가증정’ 혜택. 프롬바이오의 베스트 제품 위건강엔 ‘매스틱’. 역대급 할인 혜택으로 만날 수 있는 ‘프롬바이오’. 관절연골엔 ‘보스웰리아’. 캐시워크 돈버는 퀴즈는... ,2023-08-22 10:38:00
043790,옥션,프롬바비오 캐시워크 퀴즈 이벤트 실시,http://www.rapportian.com/news/articleView.html?idxno=164280,"또 &quot;프롬바이오 대표 제품 관절연골엔 OOOOO, 6개월 구성 구매 시 관절연골엔 보스웰리아 원데이를 64일분 받아 볼 수 있는 <b>옥션</b> 단독 기회&quot;라는 문제를 냈다. 이 문제의 빈칸에 들어갈 정답은 &apos;보스웰리아&apos;이다. 또 &quot;<b>옥션</b>에... ",2023-08-22 10:38:00
043790,옥션,"공정위, &apos;600배 환경호르몬&apos; 아기욕조 제조업체 고발",https://n.news.naver.com/mnews/article/421/0007002304?sid=101,"기현산업은 같은 기간 네이버, 쿠팡, 지마켓, <b>옥션</b>, 위메프와 등을 통해 1423개를 소비자에게 판매하기도 했다. 이들은 제품 삽지에 &apos;KC마크&apos;를 표시해 제품을 납품했지만, 어린이제품 안전 기준 검사를 하지... ",2023-08-22 10:37:00
043790,옥션,"G마켓·<b>옥션</b>, &apos;한가위 빅세일&apos; 셀러 모집",http://www.shinailbo.co.kr/news/articleView.html?idxno=1748637,"G마켓과 <b>옥션</b>은 온라인 추석 쇼핑 축제 ‘한가위 빅세일’에 참여할 판매고객을 모집한다고 22일 밝혔다. 접수는 판매관리 사이트를 통해 9월3일까지 하면 된다. 8월20일까지 G마켓, <b>옥션</b>의 판매관리 사이트(ESM PLUS)에... ",2023-08-22 10:22:00
043790,옥션,전세 사기·역전세난에 세입자 ‘셀프 낙찰’ 급증,https://n.news.naver.com/mnews/article/023/0003783028?sid=101,22일 법원경매 정보업체 지지<b>옥션</b>에 따르면 올해 1월부터 7월까지 수도권에서 임차인이 직접 거주 주택을... 지지<b>옥션</b> 이주현 선임연구원은 “최근 일부 아파트는 전셋값이 오르며 역전세난 부담이 줄어드는... ,2023-08-22 10:08:00
043790,옥션,"임차인 경매 &apos;셀프낙찰&apos;, 지난해比 2배 급증…&quot;울며 겨자 먹기&quot;",https://n.news.naver.com/mnews/article/666/0000019343?sid=101,22일 법원경매 정보업체 지지<b>옥션</b> 분석에 따르면 올해 1~7월말까지 수도권에서 임차인이 직접 거주 주택을 낙찰받은 사례는 174건으로 집계됐다. 지난해 같은 기간 88건이었던 것에 비해 86건(97.7%)이 늘어난 것이다.... ,2023-08-22 10:06:00
043790,옥션,"&apos;보증금 떼인 집&apos; 임차인 셀프 낙찰, 지난해 2배 증가",https://n.news.naver.com/mnews/article/586/0000063188?sid=101,"22일 법원경매 정보업체 지지<b>옥션</b>에 따르면, 올해 1~7월 수도권에서 임차인이 직접 거주 주택을 낙찰받은... 그러나 역전세난과 전세사기 문제가 불거진 지난해부터 올해까지 건수가 급증하는 추세라고 지지<b>옥션</b>은... ",2023-08-22 09:57:00
043790,옥션,경매주택 울며 겨자먹기… `셀프낙찰` 폭증,https://n.news.naver.com/mnews/article/029/0002820551?sid=101,"22일 법원경매 정보업체 지지<b>옥션</b>에 따르면, 올해 1월부터 7월까지 수도권에서 임차인이 거주 주택을... 지지<b>옥션</b> 이주현 선임연구원은 &quot;최근 일부 아파트는 전셋값이 오르며 역전세난 부담이 줄어드는 분위기지만 경매... ",2023-08-22 09:38:00
043790,옥션,임차인 경매 &apos;셀프낙찰&apos; 급증...전년 동기比 2배,https://www.youthdaily.co.kr/news/article.html?no=134281,22일 법원경매 정보업체 지지<b>옥션</b>에 따르면 올해 1월부터 7월까지 수도권에서 임차인이 직접 거주 주택을... 지지<b>옥션</b> 집계 결과 A씨처럼 수도권에서 임차인이 살던 집을 경매에 넘겼다가 자신이 직접 낙찰받는 경우는... ,2023-08-22 09:38:00
043790,옥션,&quot;보증금 떼인 집 경매 받았어요&quot; 수도권 전세 피해자 낙찰 1년새 두 배,https://n.news.naver.com/mnews/article/417/0000943554?sid=101,22일 법원경매정보업체 지지<b>옥션</b>에 따르면 올들어 7월까지 수도권의 전세 임차인이 경매에서 거주 주택을 낙찰받은 경우는 174건으로 집계됐다. 이는 지난해 같은 기간 88건보다 98% 증가한 것이다. 지난해 1년 동안... ,2023-08-22 09:33:00
043790,옥션,"유광 블랙 컬러에 순금 로고가 반짝···라이카, M6 &apos;라이츠 <b>옥션</b>&apos; 20세트 한...",https://www.cnet.co.kr/view/?no=20230822092632,라이카(Leica) 카메라가 ‘라이츠 포토그래피카 <b>옥션</b>(이하 라이츠 <b>옥션</b>)’ 20주년을 기념하여 스페셜 에디션 라이카 M6 세트 ‘Leitz Auction’을 출시했다고 22일 밝혔다.‘라이츠 <b>옥션</b>’은 빈티지 카메라 및 렌즈... ,2023-08-22 09:32:00
043790,옥션,"역전세난, 전세사기에 임차인 경매 &apos;셀프낙찰&apos; 작년의 2배 증가",https://www.tfmedia.co.kr/news/article.html?no=148981,22일 법원경매 정보업체 지지<b>옥션</b>에 따르면 올해 1월부터 7월까지 수도권에서 임차인이 직접 거주 주택을... 지지<b>옥션</b> 집계 결과 A씨처럼 수도권에서 임차인이 살던 집을 경매에 넘겼다가 자신이 직접 낙찰받는 경우는... ,2023-08-22 09:14:00
043790,옥션,역전세난·전세사기 여파…임차인 경매 ‘셀프낙찰’ 작년比 2배,https://www.ekn.kr/web/view.php?key=20230822010005361,"22일 법원경매 정보업체 지지<b>옥션</b>에 따르면 올해 1월부터 7월까지 수도권에서 임차인이 직접 거주 주택을 낙찰받은 경우는 총 174건으로 집계됐다. 이는 지난해 동기(88건) 대비 98% 늘어난 것이며, 작년 1년간 임차인이... ",2023-08-22 09:12:00
043790,옥션,&apos;울며 겨자 먹기&apos;로 집 사기…임차인 경매 급증,https://n.news.naver.com/mnews/article/374/0000348239?sid=101,"오늘(22일) 법원경매 정보업체 지지<b>옥션</b>에 따르면 올해 1월부터 지난달까지 수도권에서 임차인이 직접 거주 주택을 낙찰받은 경우는 총 174건으로 집계됐습니다. 이는 지난해 동기(88건) 대비 98% 증가한 것이며, 작년... ",2023-08-22 09:12:00
043790,옥션,&quot;울면서 집 삽니다&quot;…임차인의 하소연,https://n.news.naver.com/mnews/article/215/0001120541?sid=101,"22일 법원경매 정보업체 지지<b>옥션</b>에 따르면 올해 1월부터 7월까지 수도권에서 임차인이 직접 거주 주택을 낙찰받은 경우는 총 174건으로 집계됐다. 이는 지난해 동기(88건) 대비 98% 증가한 것이며, 작년 1년간 임차인이... ",2023-08-22 08:22:00
043790,옥션,"&apos;역전세난, 전세사기에&apos;…임차인 경매 &apos;셀프낙찰&apos; 작년의 2배",https://n.news.naver.com/mnews/article/001/0014143530?sid=101,22일 법원경매 정보업체 지지<b>옥션</b>에 따르면 올해 1월부터 7월까지 수도권에서 임차인이 직접 거주 주택을... 지지<b>옥션</b> 집계 결과 A씨처럼 수도권에서 임차인이 살던 집을 경매에 넘겼다가 자신이 직접 낙찰받는 경우는... ,2023-08-22 08:12:00
043790,옥션,감정가 35억→낙찰가 38억…압구정 등 강남 재건축 경매 인기,https://n.news.naver.com/mnews/article/277/0005302868?sid=101,"22일 경·공매 데이터 전문기업 지지<b>옥션</b>에 따르면 지난 10일 압구정4구역에 속한 현대8차 112㎡(전용면적)... 이주현 지지<b>옥션</b> 선연구원은 &quot;압구정동을 비롯해 강남3구, 용산구 등 규제지역 내 일부 아파트가 1~2회차에... ",2023-08-22 06:00:00
043790,옥션,"큰손이라던 그놈, 2000억 ‘먹튀’ 한 간만 큰 놈이었다",https://n.news.naver.com/mnews/article/020/0003516150?sid=101,동아일보가 지지<b>옥션</b>과 함께 2017년 이후 김용현 일당의 이름으로 경매나 공매에 나온 물건 650채를 분석한 결과 낙찰된 물건은 총 286건(44%)에 그친다. 평균 5.11회 유찰됐다가 낙찰됐다. 27회까지 유찰된 경우도 있었다.... ,2023-08-22 03:02:00
043790,옥션,큐렉소 주가 뜀박질...로봇 섹터 성장성 재부각,https://www.pinpointnews.co.kr/news/articleView.html?idxno=213149,"임플란트사업은 인공관절보형물인 임플란트 판매하고 있으며, 무역사업은 식품원료를 수입해 판매하고 있다. 판매업체 관련주인 서울<b>옥션</b> YW 웨스트라이즈 케이<b>옥션</b> 코드네치처 등도 동반 상승했다.",2023-08-22 00:02:00
043790,옥션,&apos;300조&apos; 조각투자 시장 개막 &apos;초읽기&apos;…증권가 선점 경쟁 돌입,https://n.news.naver.com/mnews/article/629/0000233977?sid=101,"한편 금융위원회는 지난달 12일 증권선물위원회에서 스탁키퍼(서비스명 뱅카우), 테사(테사), 서울<b>옥션</b>블루(소투), 투게더아트(아트투게더), 열매컴퍼니(아트앤가이드) 등 5개 기존 조각투자 사업자의 제재 면제를... ",2023-08-22 00:01:00
032930,에이스앤파트너스,"AIA생명, 자회사 GA &apos;AIA프리미어<b>파트너스</b>&apos; 공식화",http://www.press9.kr/news/articleView.html?idxno=56410,"AIA프리미어<b>파트너스</b> 대표는 공태식 전 리치앤코 대표이사가 맡았다. 공 대표는 PCA생명 FC채널 총괄, <b>에이스</b>생명보험 Agency Division 총괄, 에셋마스터 대표이사 사장 등을 역임했다. AIA생명이 자회사 GA를... ",2023-08-22 15:24:00
003020,남양,"<b>남양</b>유업, 신제품 ‘초코에몽 생크림빵’ 출시",https://www.cnbnews.com/news/article.html?no=615866,"(사진=<b>남양</b>유업) <b>남양</b>유업이 ‘초코에몽 초코 생크림빵’ ‘밀크에몽 밀크 생크림빵’을 출시했다. 22일 <b>남양</b>유업에 따르면, 대표 브랜드 ‘초코에몽’을 활용해 선보인 이번 신제품은 빵에 생크림을 가득 담아 풍미를... ",2023-08-22 23:06:00
003020,남양,"2023 R&amp;D 기술포럼, 현대자동차·기아 개최",https://www.incheonilbo.com/news/articleView.html?idxno=1208138,"/사진=현대자동차·기아, 현대자동차·기아는 22일 경기도 화성시 소재 롤링힐스 호텔에서 미래 전략 기술 연구 성과와 미래 방향성을 공유하기 위한 &apos;2023 R&amp;D 기술 포럼&apos; 개막식 행사를 <b>남양</b>기술연구소 관계자들이 참석한... ",2023-08-22 19:12:00
003020,남양,"에스에이치티, 수원시립노인전문요양원에 마스크 1만장 지원",https://n.news.naver.com/mnews/article/421/0007003871?sid=102,"에스에이치티는 앞서 지난 7월7일 ‘<b>남양</b>성심요양원’(화성시)과 의료법인 신명진의료재단 ‘퍼스트힐화성요양병원’(화성시)에 각각 5000장의 마스크를, 지난 6월7일에는 (사)한국곰두리봉사회에 마스크 5000매를 지원한... ",2023-08-22 18:42:00
003020,남양,현대차그룹 &apos;2023 R&amp;D 기술포럼&apos; 개최···미래 기술 교류의 장,http://www.enewstoday.co.kr/news/articleView.html?idxno=2030820,현대차·기아는 22일 경기도 화성시에 위치한 롤링힐스 호텔에서 <b>남양</b>기술연구소 관계자들이 참석한 가운데 &apos;2023 R&amp;D 기술 포럼&apos; 개막식 행사를 가졌다고 밝혔다. 올해로 8회째를 맞는 &apos;R&amp;D 기술포럼&apos;은 현대차·기아의... ,2023-08-22 18:10:00
003020,남양,"현대차·기아, &apos;R&amp;D 기술포럼&apos; 개막식…벤츠 사회공헌위, 탄소중립교육 &apos;그린...",http://www.sisaon.co.kr/news/articleView.html?idxno=153141,"ⓒ 현대자동차·기아 현대차·기아, &apos;2023 R&amp;D 기술포럼&apos; 개최 현대자동차·기아는 22일 경기도 화성 소재 롤링힐스 호텔에서 <b>남양</b>기술연구소 관계자들이 참석한 가운데 미래 전략 기술 연구 성과와 미래 방향성을... ",2023-08-22 17:56:00
003020,남양,"현대자동차·기아, 미래 모빌리티 위한 교류의 장 개최",http://www.greenpostkorea.co.kr/news/articleView.html?idxno=210291,양사는 22일 경기도 화성시 소재 롤링힐스 호텔에서 <b>남양</b>기술연구소 관계자들이 참석한 가운데 미래 전략 기술 연구 성과와 미래 방향성을 공유하기 위한 &apos;2023 R&amp;D 기술 포럼&apos; 개막식 행사를 가졌다. 올해로 8회째를 맞는... ,2023-08-22 17:46:00
003020,남양,"현대차·기아, ‘R&amp;D 기술포럼’ 개최",https://vop.co.kr/A00001638567.html,현대자동차와 기아는 22일 경기도 화성시 소재 롤링힐스 호텔에서 <b>남양</b>기술연구소 관계자들이 참석한 가운데 미래 전략 기술 연구 성과와 미래 방향성을 공유하기 위한 2023 RD 기술 포럼 개막식 행사를 가졌다고 밝혔다.... ,2023-08-22 17:46:00
003020,남양,[사설] 화성 활초리 근대음악전시관 건립 논란,https://www.incheonilbo.com/news/articleView.html?idxno=1208120,화성시 <b>남양</b>읍 활초리에 근대음악전시관을 건립하는 문제를 두고 찬반 논란이 이어지고 있다. 활초리는 난파 홍영후가 태어난 곳이다. 화성시는 2004년부터 이곳에 &apos;고향의 봄 꽃동산&apos;을 조성하려다가 거센 반발에 부딪혀... ,2023-08-22 17:42:00
003020,남양,"[유통가 톺아보기] 동서식품, 매출정체 &apos;커피 다각화&apos;로 돌파",https://www.ekn.kr/web/view.php?key=20230822010005507,"2위 <b>남양</b>유업의 7.8% 수준과는 11배 이상 차이가 난다. 같은 기간에 동서식품이 보유한 믹스커피 브랜드인 맥심(82%), 카누(4%), 맥스웰하우스(1.8%) 등이 점유율 상위 5개 브랜드에 나란히 이름을 올리면서 사실상 ‘시장... ",2023-08-22 17:40:00
003020,남양,현대차·기아 ‘2023 R&amp;D 기술 포럼’ 개최...미래기술 연구 성과 공유,https://thepublic.kr/news/view/1065601535066928,현대차·기아는 22일 경기도 화성시 소재 롤링힐스 호텔에서 <b>남양</b>기술연구소 관계자들이 참석한 가운데 미래 전략 기술 연구 성과와 미래 방향성을 공유하기 위한 ‘2023 R&amp;D 기술 포럼’ 개막식 행사를 가졌다고 이날... ,2023-08-22 17:36:00
003020,남양,"현대자동차·기아, ‘2023 R&amp;D 기술 포럼’ 개최",http://www.rpm9.com/news/article.html?id=20230822090009,현대차·기아는 22일 경기도 화성시 소재 롤링힐스 호텔에서 <b>남양</b>기술연구소 관계자들이 참석한 가운데 미래 전략 기술 연구 성과와 미래 방향성을 공유하기 위한 ‘2023 R&amp;D 기술 포럼’ 개막식 행사를 열었다. 올해로... ,2023-08-22 17:34:00
003020,남양,"현대차·기아, &apos;2023 R&amp;D 기술포럼&apos; 개최",https://www.mediapen.com/news/view/848058,현대차·기아는 22일 경기도 화성시 소재 롤링힐스 호텔에서 <b>남양</b>기술연구소 관계자들이 참석한 가운데 미래 전략 기술 연구 성과와 미래 방향성을 공유하기 위한 &apos;2023 R&amp;D 기술 포럼&apos; 개막식 행사를 가졌다. 올해로... ,2023-08-22 17:32:00
003020,남양,창원중부경찰서 협력단체 합동 특별치안활동,http://www.gndomin.com/news/articleView.html?idxno=363365,"사파자율방범대, <b>남양</b>·대방 자율방범대, 자율방범대 자문관 등 약 40여명이 합동하여 순찰 및 점검활동을 펼쳤다. 이날 창원FC 경기를 관람하기 위해 운집한 약 1500~2000여명의 시민을 대상으로 범죄 예고, 모방범죄 방지... ",2023-08-22 17:29:00
003020,남양,<b>남양</b>유업 &apos;초코에몽 초코‧밀크에몽 밀크&apos; 생크림빵 출시,https://www.newsfreezone.co.kr/news/articleView.html?idxno=506560,"<b>남양</b>유업은 생크림빵 2종(초코에몽 초코, 밀크에몽 밀크)을 출시했다고 21일 밝혔다. <b>남양</b>유업의 초코 우유 브랜드 초코에몽을 활용한 신제품 2종은 부드러운 빵 안에 초코, 밀크 생크림이 들어 있는 냉동제품이다.... ",2023-08-22 17:28:00
003020,남양,초록마을 &apos;초록베베&apos;로 영유아식 시장 공략,https://n.news.naver.com/mnews/article/011/0004229153?sid=101,"이에 매일유업은 ‘맘마밀’, <b>남양</b>유업은 ‘케어비’ 등 이유식 전문 브랜드를 내놓으며 관련 시장에 진출한 상태다. 초록마을 관계자는 “식재료부터 가공식품까지 다양한 상품군의 구색을 갖춘 독점 브랜드가... ",2023-08-22 17:28:00
003020,남양,"현대차·기아, &apos;2023 R&amp;D 기술포럼&apos; 개최…미래기술 연구성과 공유",https://www.delighti.co.kr/news/articleView.html?idxno=64350,현대차·기아는 22일 경기도 화성시 소재 롤링힐스 호텔에서 <b>남양</b>기술연구소 관계자들이 참석한 가운데 미래 전략 기술 연구 성과와 미래 방향성을 공유하기 위한 &apos;2023 R&amp;D 기술 포럼&apos; 개막식 행사를 가졌다. 올해로... ,2023-08-22 17:24:00
003020,남양,"초록마을의 한 수 &apos;초록베베&apos;, 낙관하기 어려운 이유",http://www.sisajournal-e.com/news/articleView.html?idxno=302698,식품산업통계정보에 따르면 현재 영유아식 시장점유율은 매일유업(23%)·<b>남양</b>유업(15.1%)·베베쿡(12.4... <b>남양</b>유업은 지난 3월 분유 브랜드 임페리얼XO 유기농 제품을 단종시켰고 롯데웰푸드도 파스퇴르 위드맘 케어솔루션... ,2023-08-22 17:14:00
003020,남양,초록마을 &apos;재개발&apos;하는 정육각…영유아식 1위 목표,https://n.news.naver.com/mnews/article/648/0000018899?sid=101,"국내 영유아식 시장은 <b>남양</b>유업과 매일유업, 일동후디스 등 분유 제조사와 이유식 시장 강자인 베베쿡, 롯데푸드 등이 5000억원대 영유아 가공식 시장을 나누고 있다. 특히 이유식 부문은 수입 브랜드와 국내 브랜드들이... ",2023-08-22 17:03:00
003020,남양,"현대·기아자동차, &apos;2023 R&amp;D 기술포럼&apos; 개최",http://www.digitalbizon.com/news/articleView.html?idxno=2332896,현대자동차·기아는 22일 경기도 화성시 소재 롤링힐스 호텔에서 <b>남양</b>기술연구소 관계자들이 참석한 가운데 미래 전략 기술 연구 성과와 미래 방향성을 공유하기 위한 &apos;2023 R&amp;D 기술 포럼&apos; 개막식 행사를 가졌다. 올해로... ,2023-08-22 17:00:00
003020,남양,"상반기 적자폭 줄인 <b>남양</b>유업, 하반기도 속도 낸다",http://www.seoulfn.com/news/articleView.html?idxno=493747,코로나19로 최근 3년간 적자 행보를 걸었던 <b>남양</b>유업이 올해 상반기 적자폭을 크게 줄이며 하반기에 대한 기대감을 키우고 있다. 22일 금융감독원 전자공시시스템에 따르면 <b>남양</b>유업은 올해 상반기 매출 5011억원을... ,2023-08-22 17:00:00
003020,남양,"현대차·기아, 미래차 신기술 살핀다",https://n.news.naver.com/mnews/article/029/0002820732?sid=103,현대차·기아는 경기도 화성시 소재 롤링힐스 호텔에서 <b>남양</b>기술연구소 관계자들이 참석한 가운데 미래 전략 기술 연구 성과와 미래 방향성을 공유하기 위한 &apos;2023 R&amp;D 기술 포럼&apos; 개막식을 열었다고 22일 밝혔다. 이... ,2023-08-22 16:47:00
003020,남양,[브리프] 대상 갤러리아 SPC 풀무원 오리온 hy bhc BBQ 웅진식품 <b>남양</b>유업,http://www.biztribune.co.kr/news/articleView.html?idxno=290012,"■ <b>남양</b>유업, 진하고 부드러운 &apos;초코에몽 생크림빵&apos; 출시 <b>남양</b>유업은 &apos;초코에몽 초코 생크림빵&apos;과 &apos;밀크에몽 밀크 생크림빵&apos;을 출시했다고 21일 밝혔다. 대표 브랜드 &apos;초코에몽&apos;을 활용해 선보인 이번 신제품은 촉촉하고... ",2023-08-22 16:44:00
003020,남양,"현대차·기아, &apos;2023 R&amp;D 기술포럼&apos; 개최",https://www.electimes.com/news/articleView.html?idxno=324750,현대차·기아는 22일 경기도 화성시 소재 롤링힐스 호텔에서 <b>남양</b>기술연구소 관계자들이 참석한 가운데 미래 전략 기술 연구 성과와 미래 방향성을 공유하기 위한 &apos;2023 R&amp;D 기술 포럼&apos; 개막식 행사를 가졌다. 올해로... ,2023-08-22 16:30:00
003020,남양,"현대차·기아, &apos;2023 R&amp;D 기술포럼&apos; 개최",http://www.smarttimes.co.kr/news/articleView.html?idxno=10904,현대차·기아는 이날 경기도 화성시 롤링힐스 호텔에서 <b>남양</b>기술연구소 관계자들이 참석한 가운데 미래 전략 기술 연구 성과와 미래 방향성을 공유하기 위한 &apos;2023 R&amp;D 기술 포럼&apos; 개막식 행사를 가졌다. 올해로 8회째를... ,2023-08-22 16:28:00
003020,남양,"현대자동차·기아, &apos;R&amp;D 기술포럼&apos; 개최-미래 전략 기술 분야별 연구 성과 공...",http://www.techholic.co.kr/news/articleView.html?idxno=209538,#현대자동차 #기아 #R&amp;D 기술포럼 현대자동차ㆍ기아는 22일 경기도 화성시 소재 롤링힐스 호텔에서 <b>남양</b>기술연구소 관계자들이 참석한 가운데 미래 전략 기술 연구 성과와 미래 방향성을 공유하기 위한 &apos;2023 R&amp;D 기술 포럼... ,2023-08-22 16:06:00
003020,남양,"현대차·기아, ‘2023 R&amp;D 기술포럼’ 개최",http://www.breaknews.com/983024,"브레이크뉴스 문홍철 기자= 현대자동차와 기아가 22일 경기도 화성시 소재 롤링힐스 호텔에서 <b>남양</b>기술연구소 관계자들이 참석한 가운데, 미래 전략 기술 연구 성과와... ",2023-08-22 15:56:00
003020,남양,"현대차·기아, &apos;2023 R&amp;D 기술포럼&apos; 개최…모빌리티 신기술 교류",http://www.paxetv.com/news/articleView.html?idxno=184021,&apos;2023 R&amp;D 기술 포럼&apos; 개막식 행사에서 현대차·기아 터보엔진리서치랩 한동희 수석연구위원이 소감을 발표하는 모습 [사진=현대차그룹] 현대차·기아가 22일 경기도 화성시 소재 롤링힐스 호텔에서 <b>남양</b>기술연구소... ,2023-08-22 15:46:00
003020,남양,"현대차·기아, &apos;2023 R&amp;D 기술 포럼&apos; 개최… &quot;미래 모빌리티 분야 신기술 교류...",http://digitalchosun.dizzo.com/site/data/html_dir/2023/08/22/2023082280181.html,현대차·기아는 22일 경기도 화성 롤링힐스 호텔에서 <b>남양</b>기술연구소 관계자들이 참석한 가운데 미래 전략 기술 연구 성과와 미래 방향성을 공유하기 위한 &apos;2023 R&amp;D 기술 포럼&apos; 개막식 행사를 가졌다. 올해로 8회째를 맞는 R... ,2023-08-22 15:42:00
003020,남양,정의선이 강조한 SDV…현대차그룹 기술포럼 주제로 등장,https://www.etoday.co.kr/news/view/2277105,현대자동차ㆍ기아는 경기 화성시의 롤링힐스 호텔에서 <b>남양</b>기술연구소 관계자들이 참석한 가운데 ‘2023 연구개발(R&amp;D) 기술포럼’을 개막했다고 22일 밝혔다. 올해로 8회째를 맞는 ‘R&amp;D 기술포럼’은 현대차ㆍ기아의... ,2023-08-22 15:40:00
003020,남양,"초록베베, ‘초록마을 당일배송’ 업고 1.5조원 영유아식 시장 도전장",https://n.news.naver.com/mnews/article/011/0004229082?sid=101,"이에 매일유업은 ‘맘마밀’, <b>남양</b>유업은 ‘케어비’ 등 이유식 전문 브랜드를 내놓으며 관련 시장에 진출한 상태다. 초록마을 관계자는 “식재료부터 가공식품까지 다양한 상품군의 구색을 갖춘 독점 브랜드가... ",2023-08-22 15:38:00
003020,남양,"현대차·기아 연구진, 한자리 모여 경쟁력 강화 모색…&quot;R&amp;D 협업문화 촉진&quot;",http://www.m-i.kr/news/articleView.html?idxno=1041984,"이날 행사 현장에는 양희원 현대차·기아 TVD본부장(부사장), 한동희 현대차·기아 터보엔진리서치랩 수석연구위원을 비롯한 <b>남양</b>기술연구소 관계자들이 참석했다. 올해 8회째 열린 R&amp;D 기술포럼은 현대차·기아... ",2023-08-22 15:34:00
003020,남양,"현대차·기아, 미래 모빌리티 기술 교류 &apos;2023 R&amp;D 기술포럼&apos; 개최",https://n.news.naver.com/mnews/article/629/0000234154?sid=103,현대차와 기아는 22일 경기도 화성시 소재 롤링힐스 호텔에서 <b>남양</b>기술연구소 관계자들이 참석한 가운데 미래 전략 기술 연구 성과와 미래 방향성을 공유하기 위한 &apos;2023 R&amp;D 기술 포럼&apos; 개막식 행사를 가졌다. 올해로... ,2023-08-22 15:14:00
003020,남양,"현대차·기아, SDV 등 첨단 모빌리티 기술 연구 공유..&apos;R&amp;D 기술포럼&apos; 개최",http://kpenews.com/View.aspx?No=2918465,한국정경신문 이정화 기­자 [한국정경신문=] 현대자동차와 기아가 소프트웨어 중심 자동차(SDV) 등 첨단 모빌리티 기술 분야의 연구 성과와 방향성을 나누는 학술행사를 열었다.현대차·기아는 <b>남양</b>기술연구소... ,2023-08-22 15:10:00
003020,남양,"&quot;미래 모빌리티 기술의 장&quot; 현대차그룹, R&amp;D 신기술 포럼 개최",http://www.getnews.co.kr/news/articleView.html?idxno=638534,현대차·기아는 22일 경기도 화성시 소재 롤링힐스 호텔에서 <b>남양</b>기술연구소 관계자들이 참석한 가운데 미래 전략 기술 연구 성과와 미래 방향성을 공유하기 위한 &apos;2023 R&amp;D 기술 포럼&apos; 개막식 행사를 가졌다. 올해로... ,2023-08-22 15:00:00
003020,남양,[22일 고흥군 소식] 농업경영인연합회 &apos;농업경영인 대회&apos; 성료 등,https://www.asiatime.co.kr/article/20230822500263,"또한, 농업·농촌 발전에 기여한 모범 농업인 및 유관기관·공무원에 대한 시상이 있었으며 △이정우(풍양면) 회원이 한농연 중앙회장 표창패 △오흥완(<b>남양</b>면) 회원이 한국농어민신문사 공로패 △이영재(동강면)·박동연... ",2023-08-22 14:50:00
003020,남양,"현대차·기아, &apos;2023 R&amp;D 기술포럼&apos;…&apos;리서치랩&apos; 총 9개 기술 세션 개최",https://www.lcnews.co.kr/news/articleView.html?idxno=58622,호텔에서 <b>남양</b>기술연구소 관계자들이 참석한 가운데 8회째 &apos;2023 R&amp;D 기술 포럼&apos; 개막식 행사를 가졌다. &apos;R&amp;D 기술포럼&apos;은 현대차·기아의 전문연구조직인 리서치랩을 중심으로 선행기술 연구 성과와 미래 추진 전략을... ,2023-08-22 14:40:00
003020,남양,"&quot;미래車 논한다&quot;…현대차그룹, &apos;R&amp;D 기술포럼&apos; 개최",https://n.news.naver.com/mnews/article/079/0003804184?sid=103,현대차·기아는 22일 경기도 화성시 롤링힐스 호텔에서 <b>남양</b>기술연구소 관계자들이 참석한 가운데 미래 전략 기술 연구 성과와 미래 방향성을 공유하는 &apos;2023 R&amp;D 기술 포럼&apos; 개막식 행사를 열었다. 올해로 8회째를 맞는 &apos;R&amp;D... ,2023-08-22 14:39:00
003020,남양,"현대차·기아, &apos;2023 R&amp;D 기술포럼&apos; 개최…모빌리티 신기술 교류",https://n.news.naver.com/mnews/article/030/0003128069?sid=103,현대차·기아는 22일 화성 롤링힐스 호텔에서 <b>남양</b>기술연구소 관계자들이 참석한 가운데 미래 전략 기술 연구 성과와 미래 방향성을 공유하기 위한 &apos;2023 R&amp;D 기술 포럼&apos; 개막식 행사를 했다. 올해로 8회째를 맞는 R&amp;D... ,2023-08-22 14:36:00
003020,남양,"[창원소식]도의회 김진부 의장, 을지연습 훈련 격려 등",https://n.news.naver.com/mnews/article/003/0012044049?sid=102,"◇창원중부경찰서, 방범대와 특별치안활동 전개 경남 창원중부경찰서는 지난 21일 사파자율방범대, <b>남양</b>·대방 자율방범대, 자율방범대 자문관 등 40여 명과 합동으로 창원축구센터 경기장, 비음산 등산로 입구 주변 순찰... ",2023-08-22 14:31:00
003020,남양,"현대자동차·기아, ‘2023 R&amp;D 기술포럼’ 개최...&quot;발전 방향 모색&quot;",https://thepublic.kr/news/view/1065590064556256,현대차·기아는 22일 경기도 화성시 소재 롤링힐스 호텔에서 <b>남양</b>기술연구소 관계자들이 참석한 가운데 미래 전략 기술 연구 성과와 미래 방향성을 공유하기 위한 ‘2023 R&amp;D 기술 포럼’ 개막식 행사를 가졌다고 밝혔다.... ,2023-08-22 14:26:00
003020,남양,"현대차·기아, ‘2023 R&amp;D 기술포럼’ 개최",http://www.g-enews.com/ko-kr/news/article/news_all/202308221220156114bf11c0d58c_1/article.html,현대차·기아는 22일 경기도 화성시 소재 롤링힐스 호텔에서 <b>남양</b>기술연구소 관계자들이 참석한 가운데 미래 전략 기술 연구 성과와 미래 방향성을 공유하기 위한 ‘2023 R&amp;D 기술 포럼’ 개막식 행사를 가졌다. 올해로... ,2023-08-22 14:24:00
003020,남양,"현대차·기아, 2023 R&amp;D 기술 포럼 개막",http://www.wolyo.co.kr/news/articleView.html?idxno=228091,"2023 R&amp;D 기술포럼 개최 사진 = 현대자동차 ［월요신문=전지환 기자］ 현대차·기아, 2023 R&amp;D 기술 포럼 개막 현대차·기아는 경기도 화성시 소재 롤링힐스 호텔에서 <b>남양</b>기술연구소 관계자들이 참석한 가운데 &apos;2023 R&amp;D 기술... ",2023-08-22 14:12:00
003020,남양,"현대자동차·기아, 미래 모빌리티 신기술 교류의 장 &apos;2023 R&amp;D 기술포럼&apos; 개최",https://kr.aving.net/news/articleView.html?idxno=1782743,현대자동차·기아는 22일(화) 경기도 화성시 롤링힐스 호텔에서 <b>남양</b>기술연구소 관계자들이 참석한 가운데 미래 전략 기술 연구 성과와 방향성을 공유하기 위한 &apos;2023 R&amp;D 기술 포럼&apos; 개막식 행사를 개최했다. 올해로... ,2023-08-22 14:08:00
003020,남양,"2023 R&amp;D 기술포럼, 현대자동차·기아 개최…미래전략기술 연구성과·미래방향...",https://idsn.co.kr/news/view/1065589165993182,/사진=현대자동차·기아 현대자동차·기아는 22일 경기도 화성시 소재 롤링힐스 호텔에서 미래 전략 기술 연구 성과와 미래 방향성을 공유하기 위한 ‘2023 R&amp;D 기술 포럼’ 개막식 행사를 <b>남양</b>기술연구소 관계자들이... ,2023-08-22 14:06:00
003020,남양,"신기술 교류의 장…현대자동차·기아, &apos;2023 R&amp;D 기술포럼&apos; 개최",http://www.startuptoday.co.kr/news/articleView.html?idxno=136930,현대차·기아는 경기도 화성시 소재 롤링힐스 호텔에서 <b>남양</b>기술연구소 관계자들이 참석한 가운데 미래 전략 기술 연구 성과와 미래 방향성을 공유하기 위한 &apos;2023 R&amp;D 기술 포럼&apos; 개막식 행사를 가졌다고 22일 밝혔다.... ,2023-08-22 14:04:00
003020,남양,"현대차·기아, 분야별 연구 성과 공유 행사 개최",https://n.news.naver.com/mnews/article/123/0002313742?sid=101,현대차·기아는 22일 경기도 화성시 소재 롤링힐스 호텔에서 <b>남양</b>기술연구소 관계자들이 참석한 가운데 미래 전략 기술 연구 성과와 미래 방향성을 공유하기 위해 &apos;2023 R&amp;D 기술 포럼&apos; 개막식 행사를 가졌다고 22일... ,2023-08-22 14:01:00
003020,남양,"현대차·기아, &apos;2023 R&amp;D 기술포럼&apos; 개최",http://www.bizwnews.com/news/articleView.html?idxno=64276,현대차·기아는 22일 경기도 화성시 소재 롤링힐스 호텔에서 <b>남양</b>기술연구소 관계자들이 참석한 가운데 미래 전략기술 연구 성과와 미래 방향성을 공유하기 위한 &apos;2023 R&amp;D 기술 포럼&apos; 개막식 행사를 가졌다. 올해로... ,2023-08-22 13:54:00
003020,남양,"현대자동차·기아, &apos;2023 R&amp;D 기술포럼&apos; 개최",http://www.econonews.co.kr/news/articleView.html?idxno=299950,현대차·기아는 22일 경기도 화성시 소재 롤링힐스 호텔에서 <b>남양</b>기술연구소 관계자들이 참석한 가운데 미래 전략 기술 연구 성과와 미래 방향성을 공유하기 위한 &apos;2023 R&amp;D 기술 포럼&apos; 개막식 행사를 가졌다. 올해로... ,2023-08-22 13:52:00
003020,남양,"현대차-기아, &apos;2023 R&amp;D 기술포럼&apos; 개최…미래 방향성 공유",http://www.sisafocus.co.kr/news/articleView.html?idxno=303127,22일 현대차·기아는 경기도 화성시 소재 롤링힐스 호텔에서 <b>남양</b>기술연구소 관계자들이 참석한 가운데 미래 전략 기술 연구 성과와 미래 방향성을 공유하기 위한 &apos;2023 R&amp;D 기술 포럼&apos; 개막식 행사를 가졌다. 올해로... ,2023-08-22 13:50:00
003020,남양,"현대차·기아, ‘R&amp;D 기술 포럼’ 개최…모빌리티 발전방향 공유",https://www.inthenews.co.kr/news/article.html?no=56325,현대차·기아는 22일 경기도 화성시 소재 롤링힐스 호텔에서 <b>남양</b>기술연구소 관계자들이 참석한 가운데 미래 전략 기술 연구 성과와 미래 방향성을 공유하기 위한 ‘2023 R&amp;D 기술 포럼’ 개막식 행사를 열었습니다.... ,2023-08-22 13:48:00
003020,남양,현대차·기아 R&amp;D 기술포럼 개막...&quot;SDV 핵심은 기술융합&quot;,http://www.fntimes.com/html/view.php?ud=2023082213404022037de3572ddd_18,현대차·기아는 22일 경기 화성 롤링힐스 호텔에서 <b>남양</b>기술연구소 관계자들이 참석한 가운데 &apos;2023 R&amp;D 기술포럼&apos; 개막식을 열었다고 밝혔다. 이 포럼은 현대차·기아 전문연구조직 리서치랩을 중심으로 선행기술 연구... ,2023-08-22 13:46:00
003020,남양,"현대자동차·기아, &apos;2023 R&amp;D 기술 포럼&apos; 개최",http://www.sisacast.kr/news/articleView.html?idxno=44264,현대차·기아는 22일 경기도 화성시 소재 롤링힐스 호텔에서 <b>남양</b>기술연구소 관계자들이 참석한 가운데 미래 전략 기술 연구 성과와 미래 방향성을 공유하기 위한 &apos;2023 R&amp;D 기술 포럼&apos; 개막식 행사를 가졌다. 올해로... ,2023-08-22 13:46:00
003020,남양,"대기업, 기술 포럼 개최로 미래전략·R&amp;D 강화",https://www.polinews.co.kr/news/articleView.html?idxno=617623,현대차·기아는 22일 경기도 화성시 롤링힐스 호텔에서 <b>남양</b>기술연구소 관계자들이 참석한 가운데 &apos;2023 R&amp;D(연구개발) 기술 포럼&apos;을 열었다. 올해로 8회째인 포럼은 현대차·기아의 전문 연구조직인 리서치랩을 중심으로... ,2023-08-22 13:42:00
003020,남양,술 팔아 4만5000원 번 노래방 업주…67배 &apos;벌금 폭탄&apos; 맞았다,https://n.news.naver.com/mnews/article/008/0004928210?sid=102,22일 법조계에 따르면 의정부지법 <b>남양</b>지원 형사3단독(판사 이민구)은 음악산업 진흥에 관한 법률 위반 혐의로 기소된 A씨(69)에게 벌금 300만원을 선고했다. A씨는 지난해 3월2일 밤 9시쯤 자신이 운영하는... ,2023-08-22 13:39:00
003020,남양,"현대차·기아, ‘2023 연구개발 기술포럼’ 개최",http://www.jnilbo.com/71287330196,현대차·기아는 22일 경기도 화성시 소재 롤링힐스 호텔에서 <b>남양</b>기술연구소 관계자들이 참석한 가운데 미래 전략 기술 연구 성과와 미래 방향성을 공유하기 위한 ‘2023 R&amp;D(연구개발) 기술 포럼’ 개막식 행사를 가졌다.... ,2023-08-22 13:32:00
003020,남양,"현대차·기아, SDV 시대 선도한다… R&amp;D 신기술 포럼 개최",https://n.news.naver.com/mnews/article/417/0000943627?sid=103,현대차·기아는 22일 경기도 화성 소재 롤링힐스 호텔에서 <b>남양</b>기술연구소 관계자들이 참석한 가운데 미래 전략 기술 연구 성과와 미래 방향성을 공유하기 위한 &apos;2023 연구개발(R&amp;D) 기술 포럼&apos; 개막식 행사를 열었다.... ,2023-08-22 13:27:00
003020,남양,"현대자동차·기아, &apos;2023 R&amp;D 기술포럼&apos; 개최",http://www.newspost.kr/news/articleView.html?idxno=110531,현대차·기아는 22일 경기도 화성시 소재 롤링힐스 호텔에서 <b>남양</b>기술연구소 관계자들이 참석한 가운데 미래 전략 기술 연구 성과와 미래 방향성을 공유하기 위한 &apos;2023 R&amp;D 기술 포럼&apos; 개막식 행사를 가졌다고 밝혔다.... ,2023-08-22 13:24:00
003020,남양,"현대차·기아, SDV(소프트웨어 중심 자동차) 기술확보 본격화",https://n.news.naver.com/mnews/article/082/0001228314?sid=101,현대차·기아는 22일 경기도 화성시 롤링힐스 호텔에서 <b>남양</b>기술연구소 관계자들이 참석한 가운데 미래 전략 기술 연구 성과와 미래 방향성을 공유하기 위한 ‘2023 R&amp;D 기술 포럼’ 개막식 행사를 가졌다. 올해로 8회째를... ,2023-08-22 13:20:00
003020,남양,"현대자동차 ·기아, 첨단기술 발전 방향 모색 &apos;23 R&amp;D 기술포럼&apos; 개최",http://www.kdfnews.com/news/articleView.html?idxno=115920,&apos;2023 R&amp;D 기술 포럼&apos; 개막식 행사에서 현대차•기아 TVD본부장 양희원 부사장이 축사하는 모습 현대차•기아는 22일 경기도 화성시 소재 롤링힐스 호텔에서 <b>남양</b>기술연구소 관계자들이 참석한 가운데 미래 전략 기술... ,2023-08-22 13:08:00
003020,남양,"현대차·기아, &apos;R&amp;D 기술포럼&apos; 개최… SDV·탄소중립 강조",https://www.newscj.com/news/articleView.html?idxno=3056104,현대차·기아는 22일 경기도 화성시 소재 롤링힐스 호텔에서 <b>남양</b>기술연구소 관계자들이 참석한 가운데 &apos;2023 연구개발(R&amp;D) 기술 포럼&apos;을 개최했다고 밝혔다. 올해로 8회째를 맞는 &apos;R&amp;D 기술포럼&apos;은 현대차·기아의... ,2023-08-22 13:06:00
003020,남양,"현대차·기아, ‘2023 R&amp;D 기술포럼’ 개최…미래 신기술 교류",https://it.chosun.com/site/data/html_dir/2023/08/22/2023082201605.html,"이날 행사에는 <b>남양</b>기술연구소 관계자들이 참석했다. 현대차·기아는 전동화, 음향진동, 열관리 등 각 기술 분야별 13개의 리서치랩을 운영 중이다. 각 리서치랩은 고유의 전문성과 자율성을 기반으로 중장기 선행기술을... ",2023-08-22 13:02:00
003020,남양,제20회 고흥군 농업경영인대회···화합과 소통 성료,http://www.enewstoday.co.kr/news/articleView.html?idxno=2030648,"또한, 농업 농촌 발전에 기여한 모범 농업인 및 유관기관 공무원에 대한 시상이 있었으며, ▲이정우(풍양면) 회원이 한농연 중앙회장 표창패 ▲오흥완(<b>남양</b>면) 회원이 한국농어민신문사 공로패 ▲이영재(동강면) 박동연... ",2023-08-22 13:00:00
003020,남양,술 팔아 고작 4만5000원…노래방 업주 술값 &apos;67배 300만원 벌금&apos;,https://n.news.naver.com/mnews/article/421/0007002821?sid=102,의정부지법 <b>남양</b>지원 형사3단독(판사 이민구)은 음악산업 진흥에 관한 법률 위반 혐의로 재판에 넘겨진 A씨(69)에게 벌금 300만원을 선고했다고 22일 밝혔다. A씨는 지난해 3월2일 오후 9시께 자신이 운영하는 경기 <b>남양</b>주... ,2023-08-22 12:59:00
003020,남양,"현대차·기아, 첨단 기술 분야 발전 방향 모색",http://www.newsprime.co.kr/news/article.html?no=610628,현대차·기아는 22일 경기도 화성시 소재 롤링힐스 호텔에서 <b>남양</b>기술연구소 관계자들이 참석한 가운데 미래 전략 기술 연구 성과와 미래 방향성을 공유하기 위한 &apos;2023 R&amp;D 기술 포럼&apos; 개막식 행사를 가졌다. 올해... ,2023-08-22 12:58:00
003020,남양,"현대차·기아, SDV 등 신기술 교류행사 &apos;R&amp;D 기술포럼&apos; 개최",http://www.srtimes.kr/news/articleView.html?idxno=141108,현대차·기아는 22일 경기도 화성시 소재 롤링힐스 호텔에서 <b>남양</b>기술연구소 관계자들이 참석한 가운데 미래 전략 기술 연구 성과와 미래 방향성을 공유하기 위한 &apos;2023 R&amp;D 기술 포럼&apos; 개막식 행사를 가졌다. 올해로... ,2023-08-22 12:54:00
